year,duration_ms,danceability,energy,key,loudness,mode,speechiness,acousticness,instrumentalness,valence,tempo,time_signature,class
1991,218920,0.508,0.826,4,-5.783,0,0.04,0.000175,0.000459,0.543,120.012,4,RnB
2008,238640,0.515,0.43,7,-9.935,1,0.0369,0.0102,0.000141,0.104,91.841,4,RnB
2007,311014,0.566,0.429,5,-7.826,1,0.0242,0.715,1.44e-05,0.173,146.365,4,Rock
2003,265506,0.554,0.49,4,-8.046,1,0.0457,0.0168,0.000534,0.513,84.275,4,Pop
2010,223106,0.809,0.72,6,-7.776,1,0.136,0.0337,0.00141,0.832,138.556,4,RnB
2008,210480,0.42,0.925,7,-4.217,0,0.12,0.000363,0.002,0.322,127.422,4,Metal
2003,230960,0.276,0.755,0,-5.406,1,0.046,0.00583,0.000543,0.194,137.149,4,Electronic
2012,384933,0.232,0.8,5,-6.863,1,0.0573,0.0523,0.00606,0.299,81.849,4,Jazz
2013,488019,0.354,0.361,9,-12.722,0,0.0509,0.625,0.0112,0.212,80.36,4,Punk
2014,288160,0.668,0.736,9,-10.753,0,0.0277,0.0115,0.000259,0.629,126.978,4,Pop
2005,230093,0.514,0.435,4,-13.517,1,0.0353,0.0078,0.000859,0.212,82.104,4,Rock
2017,181533,0.442,0.943,3,-3.205,1,0.0602,0.00293,8.71e-06,0.781,85.064,4,Rock
2007,278520,0.609,0.842,0,-5.861,1,0.0342,0.0044,0.0116,0.459,115.158,4,Rock
2004,235480,0.369,0.981,3,-2.62,0,0.16,0.000391,0.0104,0.379,125.002,4,Rock
2010,226760,0.411,0.914,9,-6.121,0,0.051,0.000462,0.00103,0.441,93.123,4,Rock
1991,254760,0.433,0.744,10,-8.97,0,0.0449,9.84e-06,7.73e-05,0.595,157.18,4,Punk
2004,208466,0.646,0.893,6,-4.799,1,0.0301,0.0151,3.59e-06,0.559,100.951,4,Rock
2002,269000,0.618,0.938,9,-3.442,1,0.0456,0.0179,0.0,0.875,91.455,4,Electronic
1991,388266,0.553,0.362,4,-11.218,0,0.0263,0.0458,6.01e-06,0.158,142.352,3,Metal
2012,203680,0.559,0.791,8,-6.966,0,0.0662,0.0668,0.0,0.716,            103.38,4,Rock
2011,270666,0.558,0.511,11,-7.346,0,0.03,0.176,0.000952,0.184,139.858,4,Rock
2012,228346,0.423,0.566,9,-6.55,1,0.0272,0.0526,3.66e-06,0.218,144.688,4,Rock
1993,170000,0.417,0.739,8,-10.543,1,0.0466,0.0186,0.0,0.255,111.928,4,Rock
2006,175426,0.634,0.599,2,-5.447,1,0.0365,0.0288,0.0,0.312,112.215,4,Rock
1995,290706,0.454,0.229,2,-12.592,1,0.0297,0.167,0.102,0.134,73.552,4,Rock
1998,283973,0.575,0.542,0,-14.544,1,0.0256,0.324,0.000783,0.855,97.804,4,Rock
2007,205786,0.714,0.862,5,-4.603,0,0.0363,0.0609,0.0,0.764,95.038,4,RnB
2008,287906,0.523,0.898,11,-6.765,0,0.0567,0.00491,0.0345,0.355,123.085,4,Rock
2013,348812,0.736,0.815,5,-9.302,1,0.0304,0.0763,0.0799,0.921,148.152,4,Rock
2001,193373,0.624,0.899,0,-5.71,1,0.0295,0.0223,0.000155,0.797,104.055,4,Rock
2006,179946,0.453,0.772,11,-4.466,0,0.0464,0.0109,0.0,0.702,127.148,4,Rock
1979,268173,0.45,0.863,0,-11.825,1,0.194,0.0502,0.000241,0.23,159.335,4,Pop
2007,177534,0.647,0.818,6,-5.222,0,0.0291,0.00196,3.04e-05,0.813,112.109,4,Pop
1994,159226,0.556,0.92,8,-4.606,1,0.0367,0.00271,0.00021,0.771,121.138,4,Rock
2011,198986,0.568,0.967,10,-3.804,0,0.0728,0.00163,0.00314,0.756,149.949,4,Rock
2005,138052,0.631,0.761,0,-3.905,1,0.0381,0.0562,0.26,0.45,132.498,4,Rock
2013,267266,0.77,0.806,3,-9.414,1,0.0329,0.0153,0.614,0.963,126.888,4,Rock
2010,167906,0.47,0.796,8,-3.277,0,0.0336,0.362,1.11e-06,0.215,113.108,3,Rock
2001,223826,0.44,0.763,10,-5.023,1,0.0337,0.00119,0.0,0.538,172.159,4,Rock
2012,412280,0.424,0.619,4,-10.116,0,0.0306,0.278,0.0,0.523,130.514,4,Rock
2006,121706,0.69,0.44,11,-8.528,0,0.0768,0.654,0.0,0.494,81.234,4,Rock
2005,179946,0.512,0.945,1,-4.204,1,0.0347,0.006,3.25e-05,0.812,99.552,4,Rock
2000,157333,0.492,0.969,9,-4.419,1,0.0491,0.0014,1.32e-06,0.538,95.136,4,Rock
2008,221306,0.332,0.587,1,-7.905,0,0.0362,0.0571,0.00162,0.109,76.051,4,Rock
2010,233173,0.464,0.585,4,-7.889,1,0.0283,0.00948,0.0,0.0716,82.852,4,RnB
2006,247060,0.451,0.261,2,-12.467,1,0.029,0.981,3.21e-06,0.372,100.46,4,Rock
2006,202013,0.35,0.868,11,-4.903,0,0.171,0.0357,0.0,0.415,169.631,4,Rock
2014,206091,0.515,0.747,9,-4.369,0,0.0434,0.0321,5.37e-05,0.365,178.134,4,Jazz
2007,205613,0.623,0.93,5,-5.285,1,0.0324,0.0141,1.64e-06,0.287,120.119,4,Rock
1993,149706,0.682,0.405,6,-11.86,1,0.028,0.151,0.387,0.846,113.719,4,Rock
1995,528693,0.479,0.874,9,-8.845,1,0.0723,0.333,0.424,0.834,118.657,4,Electronic
2003,145066,0.574,0.926,11,-10.79,1,0.0562,0.00031,0.478,0.609,113.097,4,Country
2007,237293,0.6,0.853,1,-7.584,1,0.0423,0.0489,0.346,0.847,94.457,4,Rock
2012,236133,0.401,0.186,0,-17.001,1,0.0356,0.588,0.84,0.504,75.894,4,Rock
2009,232760,0.645,0.835,4,-5.975,0,0.0372,0.0597,0.0139,0.661,90.56,4,Rock
2011,234826,0.406,0.924,0,-3.384,0,0.0516,0.00146,0.0422,0.254,79.957,4,Metal
2009,193106,0.604,0.833,0,-5.406,1,0.0419,0.0608,3.79e-05,0.722,144.079,4,Rock
2014,270266,0.364,0.285,9,-9.927,1,0.032,0.75,5.69e-06,0.0707,149.552,4,Rock
2013,177000,0.458,0.0781,6,-19.955,0,0.044,0.993,0.94,0.23,83.624,4,Jazz
2004,214973,0.532,0.935,7,-5.839,1,0.055,0.00088,0.251,0.253,119.762,4,Rock
2008,289760,0.49,0.632,4,-7.449,0,0.027,0.496,0.157,0.237,104.265,4,Rock
2000,199893,0.59,0.894,4,-3.661,0,0.0579,0.000387,0.000661,0.732,90.604,4,Folk
2008,241506,0.4,0.979,2,-4.988,1,0.0602,0.00612,0.0319,0.712,83.369,4,Electronic
2008,259640,0.199,0.419,11,-9.365,0,0.0324,0.0472,0.575,0.216,133.397,4,Rock
1991,223880,0.325,0.929,11,-5.625,0,0.0695,0.000129,2.22e-06,0.198,133.358,4,Rock
1996,229466,0.412,0.919,5,-7.291,1,0.184,0.0124,0.0601,0.572,166.367,4,Rock
2014,284266,0.683,0.989,9,-2.092,0,0.0616,0.00579,0.00108,0.781,91.558,4,Rock
2001,220480,0.406,0.953,2,-5.74,1,0.0473,6.48e-06,0.000407,0.307,136.007,4,Rock
2004,310893,0.404,0.938,8,-5.637,1,0.0357,0.00878,0.503,0.757,127.162,4,Rock
2017,232680,0.552,0.89,8,-3.409,1,0.0342,0.000143,0.0,0.716,146.525,4,Rock
2005,269386,0.586,0.502,7,-6.114,1,0.0272,0.417,0.0,0.101,120.297,4,Rock
2010,213893,0.509,0.754,7,-5.014,1,0.128,0.0517,0.0,0.528,154.671,4,Rock
1991,386493,0.54,0.584,7,-9.579,1,0.0254,0.0108,0.00296,0.244,139.261,4,Metal
2007,165000,0.637,0.963,9,-5.116,1,0.0882,0.000286,0.000889,0.823,150.1,4,Rock
1997,231160,0.405,0.962,4,-4.81,1,0.0766,2.99e-05,5.11e-05,0.703,174.098,4,Rock
2004,214413,0.505,0.841,0,-3.526,1,0.0311,0.00135,0.000322,0.441,94.01,4,Rock
2006,208973,0.543,0.873,10,-5.159,0,0.0803,0.0165,9.45e-05,0.786,150.891,4,Rock
2008,243573,0.522,0.734,4,-6.899,1,0.0269,0.0425,0.0,0.864,135.991,4,Rock
2003,297000,0.434,0.977,2,-4.845,1,0.0786,0.00187,0.166,0.0939,128.223,4,Rock
2008,258173,0.389,0.802,10,-7.352,0,0.0662,5.42e-05,0.877,0.525,122.153,4,Rock
2010,211121,0.491,0.706,1,-6.207,0,0.0669,0.00118,3.98e-06,0.573,108.927,4,RnB
2006,134933,0.593,0.333,9,-14.342,1,0.046,0.358,0.0,0.258,103.537,4,Rock
2006,195426,0.215,0.876,9,-5.327,0,0.0429,0.00165,0.0,0.715,188.89,4,Rock
2014,175080,0.497,0.666,3,-5.038,1,0.0326,0.181,0.000131,0.356,90.03,4,Rock
2004,161920,0.458,0.859,4,-3.173,1,0.0607,0.0595,0.0,0.846,110.734,4,Rock
2008,175293,0.487,0.701,4,-4.908,1,0.0323,0.115,0.0,0.669,132.416,4,Rock
2007,129680,0.338,0.289,0,-13.479,1,0.0366,0.834,0.344,0.226,121.857,3,Rock
1996,285200,0.172,0.655,11,-7.476,0,0.042,0.0971,0.128,0.221,78.653,4,Rock
2006,173666,0.599,0.946,8,-4.192,1,0.0378,0.000669,0.0,0.653,108.934,4,Rock
1977,218400,0.597,0.812,5,-12.062,1,0.0315,0.0219,0.00106,0.823,135.68,4,Rock
2009,222440,0.563,0.903,8,-4.458,0,0.0293,0.000178,0.123,0.766,132.022,4,Rock
2010,164200,0.647,0.83,0,-5.025,1,0.0342,0.00522,0.000852,0.73,119.91,4,Rock
2008,228013,0.485,0.799,5,-5.886,1,0.029,0.122,0.0054,0.468,111.012,3,Reggae
1996,230626,0.185,0.889,9,-5.491,0,0.0743,0.00267,0.0981,0.331,77.555,4,Reggae
2010,253293,0.543,0.272,0,-19.497,1,0.106,0.711,0.000467,0.382,104.792,4,Jazz
1999,206200,0.599,0.957,11,-5.764,1,0.188,0.0129,7.06e-05,0.489,103.68,4,Rock
2009,249666,0.195,0.669,1,-10.457,1,0.0601,0.00804,0.788,0.428,173.12,4,Rock
2005,225773,0.838,0.475,4,-5.505,0,0.036,0.000417,0.714,0.711,106.217,4,Rock
2000,356333,0.168,0.302,6,-11.645,0,0.0344,0.315,0.79,0.205,102.041,4,Rock
1993,201173,0.456,0.826,8,-7.611,1,0.0268,3.35e-05,0.57,0.415,82.539,4,Country
1973,470266,0.351,0.31,2,-13.922,1,0.0308,0.701,0.0526,0.122,72.786,4,Electronic
2011,280706,0.589,0.29,0,-15.021,1,0.0293,0.271,0.00448,0.183,112.434,4,Rap
2001,365480,0.316,0.918,4,-7.333,1,0.0932,0.00354,0.14,0.148,152.007,4,Rock
1984,205493,0.24,0.841,2,-12.137,1,0.0802,0.027,0.0594,0.554,99.8,4,Metal
2007,254533,0.424,0.632,9,-7.243,1,0.0922,0.021,0.0117,0.356,97.694,4,Rock
1989,201693,0.669,0.783,2,-12.302,1,0.0295,0.0475,0.0296,0.896,124.518,4,Rock
2001,288733,0.127,0.335,11,-8.298,0,0.0329,0.786,0.427,0.0686,77.078,4,Rock
2010,206493,0.569,0.814,9,-6.819,1,0.0593,0.000217,0.0,0.755,116.013,4,Pop
2007,242546,0.546,0.283,3,-12.532,1,0.0328,0.818,1.64e-06,0.294,127.954,4,RnB
1999,230800,0.434,0.89,0,-11.693,1,0.0579,0.000499,0.00037,0.7,142.0,4,Rock
2005,247373,0.468,0.876,10,-4.841,1,0.0692,0.00578,0.00625,0.13,135.062,4,Rock
2003,153133,0.452,0.889,4,-3.838,1,0.0379,0.312,0.8,0.591,145.056,4,Rock
2008,201733,0.437,0.748,4,-6.593,1,0.0689,0.196,0.000328,0.383,149.834,4,Rock
2004,254693,0.543,0.874,7,-9.46,1,0.0529,0.00255,0.0,0.673,138.086,4,Reggae
2001,201960,0.656,0.927,4,-3.396,0,0.0821,0.00364,0.00328,0.616,130.898,4,Folk
2009,194653,0.408,0.646,7,-7.181,1,0.0435,0.0714,0.0,0.565,80.148,4,Rock
2012,211840,0.843,0.456,2,-10.213,1,0.0407,0.837,0.0312,0.799,105.031,4,Rock
2002,331133,0.532,0.433,3,-9.423,1,0.0278,0.0942,0.0121,0.0395,140.666,4,Rock
1997,117333,0.432,0.391,9,-14.99,1,0.242,0.813,0.00363,0.744,123.538,4,Reggae
2009,338813,0.525,0.775,7,-6.101,1,0.0299,0.000794,0.00109,0.0764,130.949,4,Rock
2005,288333,0.285,0.732,0,-5.544,1,0.0323,0.078,0.0138,0.237,123.38,4,Rock
1997,326533,0.241,0.295,4,-8.571,1,0.0319,0.224,0.0328,0.0398,114.759,5,Reggae
1994,290333,0.691,0.853,7,-11.298,0,0.0327,0.0171,0.0,0.929,120.055,4,Electronic
2008,246200,0.288,0.757,0,-8.065,1,0.0652,0.0117,0.14,0.311,89.694,4,Rock
2014,195066,0.48,0.883,3,-4.274,1,0.0369,0.0191,0.000189,0.434,100.088,4,Rock
2003,1525253,0.346,0.893,2,-7.142,1,0.259,0.0054,0.399,0.176,126.824,4,Country
2002,277840,0.433,0.854,9,-3.868,1,0.0483,0.000336,0.000177,0.368,89.4,4,Blues
1973,225384,0.389,0.563,9,-21.191,1,0.0622,0.65,0.903,0.134,165.393,4,Rock
2000,315973,0.403,0.757,7,-9.931,0,0.0371,0.0496,0.848,0.573,157.957,4,RnB
2010,208213,0.462,0.922,11,-3.827,1,0.0498,0.0851,0.0,0.432,89.888,4,Rock
1991,156426,0.341,0.964,11,-5.327,0,0.107,1.26e-05,0.000103,0.459,152.192,4,Rock
2008,204226,0.497,0.802,9,-5.807,1,0.0404,0.0154,0.000219,0.402,112.287,4,Jazz
2006,247666,0.695,0.993,0,-3.114,1,0.0612,0.00177,0.00246,0.281,107.951,4,Country
2006,304440,0.47,0.375,10,-10.876,1,0.0283,0.256,0.0,0.418,89.271,4,Rock
2006,186226,0.523,0.849,2,-3.392,1,0.0701,0.0214,7.38e-06,0.277,158.808,4,Rock
2009,284360,0.512,0.88,4,-6.697,1,0.041,0.00068,1.41e-05,0.846,152.007,4,Electronic
2006,145626,0.618,0.856,11,-4.842,0,0.0302,0.00325,0.0,0.907,110.678,4,Rock
1999,358693,0.738,0.786,2,-9.07,1,0.0363,0.0483,0.294,0.718,121.609,4,Rock
1972,224600,0.39,0.206,10,-15.74,1,0.0327,0.688,0.000412,0.106,147.27,3,Pop
2005,160266,0.478,0.657,10,-8.523,0,0.323,0.0778,1.85e-05,0.611,151.229,4,Rock
2014,303000,0.375,0.425,4,-11.181,0,0.0256,0.182,0.0172,0.31,79.049,4,Rock
2010,232360,0.625,0.858,9,-3.483,0,0.0462,0.092,1.36e-06,0.418,116.98,4,Rock
2007,247280,0.647,0.903,11,-5.012,0,0.0374,0.0101,4.22e-05,0.96,135.921,4,Rock
1995,259200,0.429,0.88,9,-8.013,0,0.109,0.0206,0.698,0.255,148.965,3,Rock
1999,294040,0.507,0.916,2,-6.505,1,0.048,0.000849,0.00564,0.457,115.851,4,Rock
2005,188013,0.288,0.967,5,-4.267,1,0.0947,0.000616,0.741,0.449,133.044,4,Rock
2011,344386,0.443,0.309,7,-9.75,1,0.0267,0.666,0.000785,0.178,140.749,4,Pop
2001,245760,0.452,0.371,11,-10.417,0,0.0265,0.549,0.849,0.135,165.896,4,Rock
2004,220960,0.444,0.771,7,-7.021,1,0.0286,0.0439,0.608,0.61,106.037,4,Rock
2008,246413,0.334,0.875,4,-3.798,0,0.0751,0.000153,0.000494,0.322,169.426,4,Punk
2003,212266,0.689,0.511,4,-8.407,0,0.0742,0.00808,0.276,0.578,128.458,4,Rock
2000,185906,0.393,0.995,0,-4.087,1,0.202,6.27e-05,9.8e-06,0.0641,125.338,4,Rock
2016,245266,0.662,0.714,2,-6.342,1,0.0474,0.421,0.0,0.505,113.512,4,Electronic
2011,134360,0.532,0.79,9,-5.756,1,0.0941,0.0103,0.244,0.959,176.148,4,Rock
2007,253586,0.526,0.866,0,-5.822,1,0.0568,0.00287,7.78e-05,0.248,140.266,4,Rock
2014,273855,0.327,0.555,0,-6.406,1,0.026,0.295,1.17e-06,0.372,177.745,3,Rock
2012,236213,0.359,0.779,7,-7.52,1,0.0412,0.0057,0.837,0.582,86.951,4,Rock
1988,254453,0.823,0.338,0,-15.899,1,0.0413,0.139,0.00129,0.785,120.473,4,Rap
2010,258000,0.632,0.593,10,-7.494,1,0.0243,0.0724,0.0,0.475,94.003,4,Rock
2005,245226,0.404,0.969,8,-2.938,1,0.195,8.51e-05,0.0114,0.29,173.878,4,Metal
2002,222026,0.452,0.873,9,-4.867,1,0.0613,0.000519,0.0,0.433,80.473,4,Electronic
2003,227520,0.472,0.837,2,-6.467,1,0.0602,0.0277,0.00773,0.315,132.429,4,Rock
2008,238013,0.381,0.939,9,-4.684,1,0.125,0.042,0.918,0.335,159.97,4,Rock
2008,193120,0.5,0.411,4,-18.803,0,0.0655,0.0149,0.0,0.57,123.46,4,Pop
2011,202466,0.632,0.908,8,-3.511,1,0.0458,0.00762,0.000172,0.764,110.024,4,Rock
2001,200173,0.413,0.707,2,-8.65,1,0.0375,0.0232,2.84e-06,0.494,94.614,4,Rock
2004,229026,0.279,0.688,0,-8.587,0,0.0611,0.000116,0.00434,0.309,152.634,4,Rock
2007,147933,0.399,0.946,2,-6.998,1,0.164,0.0572,6.77e-06,0.447,175.009,4,Blues
2011,270866,0.459,0.764,9,-7.549,1,0.0408,0.000146,0.000238,0.14,104.206,4,Rock
2007,219626,0.565,0.763,11,-7.043,0,0.0584,0.27,0.0087,0.283,139.995,4,Rock
1993,298253,0.371,0.866,9,-7.426,1,0.039,5.91e-06,0.58,0.447,87.254,4,Rock
1998,202560,0.26,0.724,7,-5.093,1,0.033,0.334,0.0,0.222,93.726,3,Rock
2005,200600,0.207,0.973,4,-3.209,0,0.188,0.00083,0.0164,0.358,180.881,4,Metal
2005,217706,0.504,0.949,1,-4.474,0,0.0416,0.00594,2.91e-06,0.581,160.037,4,Rock
1984,417400,0.258,0.907,7,-7.287,1,0.112,0.0183,0.201,0.317,113.679,4,Metal
2002,349973,0.536,0.49,5,-7.176,1,0.0245,0.178,2.32e-06,0.136,138.331,4,Rock
2012,216826,0.786,0.829,0,-3.084,1,0.0529,0.0372,0.0,0.947,105.628,4,Rap
2005,190400,0.849,0.555,9,-5.602,0,0.0604,0.0257,0.351,0.891,137.08,4,Rock
2010,166053,0.457,0.873,8,-7.407,1,0.165,0.00258,0.000417,0.718,108.857,4,Rock
2012,254866,0.434,0.667,2,-6.699,0,0.0353,0.108,0.204,0.161,137.246,4,Jazz
2002,327800,0.453,0.571,11,-6.117,1,0.0314,0.00976,0.518,0.189,132.787,4,Rock
2001,210880,0.815,0.72,7,-7.311,1,0.0536,0.177,7.31e-06,0.946,89.914,4,Rock
2008,293773,0.601,0.735,7,-8.321,0,0.0255,0.263,0.795,0.505,102.891,4,Rock
2004,304733,0.429,0.903,0,-5.388,1,0.0568,1.59e-05,0.00515,0.177,96.096,4,Rock
2005,249226,0.358,0.918,6,-2.472,0,0.0722,0.157,9.09e-06,0.489,139.327,4,Rock
2001,153840,0.499,0.706,0,-7.335,1,0.0302,0.0747,0.00289,0.483,148.931,4,Rock
2012,275800,0.655,0.472,2,-12.142,1,0.0325,0.727,0.518,0.383,142.156,5,Rock
2013,315120,0.43,0.704,1,-8.008,0,0.0804,0.000155,0.00221,0.703,118.242,4,Rock
2008,220720,0.669,0.613,4,-11.12,0,0.036,0.487,0.18,0.565,110.67,4,Folk
2005,328219,0.491,0.783,8,-8.997,0,0.0484,0.00521,0.0361,0.26,127.437,4,Rock
2008,177826,0.55,0.918,9,-3.159,0,0.0682,0.00466,0.0,0.563,126.083,4,Rock
2007,136106,0.555,0.926,1,-4.685,1,0.037,9.78e-06,0.000134,0.765,145.044,4,Rock
1997,224800,0.559,0.124,7,-21.157,1,0.03,0.683,0.157,0.478,95.472,4,RnB
2012,258373,0.412,0.309,4,-10.079,1,0.0546,0.95,0.00388,0.265,79.907,3,Pop
1986,312586,0.467,0.882,4,-11.176,0,0.0496,0.000371,0.304,0.452,96.67,4,Rap
2007,171226,0.414,0.811,11,-4.4,0,0.0919,0.00133,0.000129,0.762,137.617,4,Rock
2011,238480,0.451,0.912,8,-6.48,1,0.0666,0.0518,6.08e-06,0.22,81.797,4,Rock
2008,185373,0.41,0.876,7,-3.723,1,0.0471,0.0127,3.64e-05,0.609,121.115,4,Rock
2005,194226,0.615,0.476,2,-12.205,0,0.0337,0.161,0.0334,0.611,91.584,4,Electronic
2012,148978,0.622,0.676,1,-6.222,1,0.0686,0.291,3.62e-05,0.93,166.529,4,Rock
2013,213280,0.5,0.886,3,-3.847,1,0.0386,0.000459,0.0511,0.505,140.384,4,Rock
2004,272506,0.523,0.477,6,-9.076,1,0.0254,0.0961,0.000106,0.249,76.973,4,Rock
2003,243733,0.336,0.804,8,-5.411,0,0.042,0.0191,0.0,0.395,152.074,4,Pop
2012,311160,0.186,0.945,9,-7.101,1,0.0547,0.00101,0.0,0.766,205.073,4,Punk
2002,307666,0.445,0.486,11,-14.521,1,0.0616,0.76,0.000658,0.629,93.019,4,Rock
2000,211000,0.375,0.634,0,-10.543,1,0.0317,0.674,0.828,0.502,89.752,4,Electronic
1994,211173,0.559,0.775,11,-12.102,1,0.0373,0.0369,0.877,0.723,148.934,4,Jazz
1998,153800,0.446,0.89,1,-2.74,1,0.25,0.00187,0.00109,0.571,131.083,4,Rock
2005,282333,0.317,0.651,3,-6.492,1,0.0274,0.0561,8.82e-05,0.283,102.642,1,Rock
1978,257247,0.32,0.599,7,-8.203,1,0.0409,0.00558,1.2e-05,0.384,89.392,4,Rock
2013,203706,0.567,0.754,0,-5.699,1,0.0444,0.238,0.0,0.681,100.333,4,Pop
2005,275000,0.672,0.768,0,-7.718,1,0.0347,0.00201,0.905,0.858,122.583,4,Rock
2005,293266,0.578,0.484,4,-7.08,0,0.0273,0.0159,0.0105,0.362,88.152,4,Rock
2011,154479,0.609,0.717,9,-7.373,1,0.0292,0.196,0.000644,0.756,142.79,4,Rock
2002,158000,0.434,0.939,7,-5.698,1,0.246,0.00102,0.000214,0.539,191.981,4,RnB
2010,180213,0.54,0.89,0,-2.313,1,0.041,0.000351,6.72e-05,0.828,145.711,4,Rock
2002,302533,0.551,0.673,3,-7.362,1,0.0805,0.651,0.00047,0.349,108.482,3,Rock
2010,190586,0.557,0.959,1,-4.632,1,0.0547,0.000113,8.04e-05,0.331,103.887,4,Rock
2000,256466,0.495,0.525,7,-9.342,0,0.0301,0.396,0.00736,0.249,154.466,4,Rap
2006,212066,0.395,0.843,8,-4.476,1,0.0374,0.00491,0.0,0.481,112.427,4,Electronic
2012,206640,0.447,0.925,6,-3.414,0,0.0639,0.00355,0.00668,0.819,162.365,4,Pop
2010,231373,0.611,0.614,0,-7.364,1,0.0236,0.106,2.03e-05,0.611,79.987,4,RnB
2001,207573,0.499,0.69,9,-9.424,0,0.0316,0.00963,0.00795,0.629,143.9,4,Rock
2009,214053,0.584,0.858,0,-4.026,1,0.0654,0.0078,0.000467,0.273,129.998,4,Rock
2007,253373,0.527,0.847,10,-9.717,0,0.0385,0.0596,0.421,0.155,124.048,4,Rock
2009,173600,0.407,0.964,4,-5.888,1,0.09,0.0811,0.0,0.54,173.116,4,Rock
2000,215800,0.739,0.808,9,-4.797,0,0.0818,0.00131,0.000174,0.641,103.51,4,Pop
2014,430066,0.207,0.785,1,-9.285,1,0.0624,0.134,0.837,0.222,146.597,4,Rock
2001,193573,0.52,0.978,1,-3.126,1,0.0801,0.00102,0.000233,0.528,93.964,4,Metal
2006,133253,0.425,0.949,1,-3.828,0,0.104,0.0101,1.79e-05,0.718,80.331,4,Rock
2004,184466,0.245,0.976,11,-2.513,0,0.0523,0.000397,0.465,0.659,141.882,4,Rock
2014,307106,0.64,0.757,7,-5.678,1,0.0264,0.418,0.000512,0.672,118.575,4,Rock
2010,149266,0.488,0.485,6,-9.527,1,0.0485,0.119,0.00897,0.444,137.371,4,Rock
2009,177520,0.47,0.775,9,-4.848,0,0.214,2.87e-05,0.297,0.6,162.96,4,Rock
2007,136640,0.581,0.297,9,-19.128,1,0.101,0.908,0.704,0.0442,86.788,4,Rock
2005,169946,0.395,0.764,10,-6.258,0,0.0419,0.000316,0.00131,0.325,141.423,4,Rock
2010,224280,0.516,0.761,2,-6.23,1,0.0375,0.0871,0.0,0.367,148.033,4,RnB
2007,215333,0.552,0.961,7,-2.011,1,0.105,0.000892,0.000431,0.655,164.007,4,Pop
2006,206586,0.308,0.873,8,-4.542,1,0.0533,0.00022,0.000729,0.686,143.519,4,Rock
2004,262200,0.172,0.28,10,-11.877,1,0.0394,0.43,0.408,0.0617,116.94,3,Rock
2011,193600,0.751,0.596,6,-4.594,1,0.0301,0.0071,0.589,0.57,93.213,4,Rock
2007,288266,0.285,0.915,2,-5.158,0,0.0741,0.00268,0.0279,0.309,119.817,4,Rock
2000,258560,0.552,0.561,1,-10.308,1,0.0262,0.325,0.13,0.47,133.971,4,Rock
2005,228026,0.512,0.945,8,-2.173,1,0.0767,0.00163,8.82e-05,0.433,140.039,4,Metal
1996,87173,0.745,0.841,0,-5.595,1,0.0458,0.0111,0.00155,0.962,119.272,4,Rock
2006,197133,0.693,0.738,10,-6.431,0,0.0287,0.151,0.000177,0.829,124.995,4,Rock
1999,231333,0.283,0.982,0,-0.32,1,0.0703,0.000204,0.0756,0.438,124.149,4,Rock
1995,328533,0.241,0.948,8,-2.284,1,0.0862,0.0544,0.0479,0.159,110.201,4,Rock
2011,198973,0.49,0.912,6,-4.008,0,0.0647,3.87e-05,9.85e-05,0.741,173.793,4,Rock
2005,287720,0.59,0.787,7,-5.766,1,0.0512,6.94e-06,0.845,0.598,111.926,4,Electronic
2001,110800,0.436,0.96,2,-3.56,1,0.0461,0.00101,0.0308,0.697,119.08,4,Metal
2012,186026,0.579,0.845,7,-8.329,1,0.0421,0.000128,0.453,0.558,125.589,4,Rock
2014,187040,0.634,0.877,4,-6.905,1,0.0607,0.152,0.0,0.749,138.388,4,Rock
2000,213840,0.612,0.909,8,-4.045,0,0.16,0.00659,7.57e-06,0.723,96.179,4,Rock
2009,223826,0.444,0.81,4,-4.79,0,0.0434,0.00127,0.000952,0.496,199.971,4,Rock
1994,175906,0.561,0.616,1,-9.69,0,0.195,0.318,4.47e-05,0.683,145.249,4,Pop
2010,189546,0.424,0.927,10,-2.191,1,0.0478,0.000747,0.0,0.482,185.817,4,Rock
2008,206100,0.736,0.377,9,-13.977,1,0.208,0.206,0.791,0.318,177.944,3,Rock
2008,163173,0.863,0.639,0,-6.613,1,0.111,0.398,0.00783,0.741,107.942,4,Rock
2001,220026,0.488,0.895,5,-4.375,1,0.0372,0.00343,0.0,0.655,135.225,4,Metal
2007,192226,0.71,0.714,2,-4.26,1,0.0274,0.03,0.000455,0.738,112.046,4,RnB
1991,183973,0.262,0.793,11,-8.668,1,0.0646,0.00968,0.08,0.247,152.447,4,Rock
2005,210066,0.546,0.822,7,-7.771,1,0.137,0.001,0.236,0.495,148.176,4,RnB
2003,475093,0.441,0.445,9,-9.921,1,0.031,0.388,0.611,0.196,127.489,4,Rock
2014,237066,0.181,0.752,9,-5.519,0,0.0699,0.236,0.0,0.0372,144.766,4,Rock
2014,185844,0.821,0.578,3,-11.702,1,0.0407,0.0272,0.00514,0.977,114.411,4,Pop
2012,253933,0.578,0.515,0,-11.224,1,0.0428,0.661,0.000333,0.476,139.812,4,Rock
2006,182133,0.648,0.321,5,-9.693,1,0.0273,0.549,6.33e-06,0.253,110.928,4,Rock
2006,301933,0.322,0.986,0,-2.267,1,0.104,0.0704,0.000628,0.116,136.841,4,Rock
1987,336613,0.492,0.709,2,-9.66,1,0.0359,0.0113,0.00564,0.264,125.799,4,Pop
2005,232320,0.144,0.841,9,-4.778,1,0.0535,0.00551,0.789,0.145,155.324,4,Rock
2005,191373,0.556,0.663,7,-8.965,0,0.0261,0.322,0.000773,0.446,113.118,3,Rock
2010,249506,0.445,0.442,2,-10.629,1,0.0315,0.251,2.08e-06,0.161,90.291,4,Rap
2006,155146,0.327,0.932,11,-4.043,0,0.0568,0.00455,0.0,0.688,168.257,4,Blues
2014,358533,0.398,0.829,6,-5.128,1,0.0408,0.00323,0.000695,0.391,119.794,4,Rap
2004,345253,0.498,0.769,0,-3.939,0,0.0285,0.000976,0.00045,0.198,128.029,4,Rock
2006,283706,0.396,0.882,9,-4.727,1,0.0352,3.99e-05,0.00511,0.692,103.899,4,RnB
2007,300506,0.506,0.899,11,-4.793,0,0.0364,0.0287,0.28,0.475,150.27,4,Rock
2007,260746,0.472,0.736,2,-5.379,1,0.0338,0.0227,1.3e-06,0.236,128.985,4,Rock
2002,238333,0.277,0.797,0,-5.66,1,0.0385,0.586,0.341,0.26,177.004,3,Rock
2007,202813,0.418,0.73,2,-3.949,1,0.0315,0.00711,0.0,0.303,160.48,4,Rap
2005,196093,0.684,0.809,5,-3.781,1,0.078,0.0996,0.0,0.702,87.891,4,Punk
2009,225893,0.453,0.972,8,-2.557,1,0.0501,0.00535,1.26e-05,0.613,151.884,4,Rock
1999,223746,0.579,0.812,1,-6.509,0,0.0693,0.00114,0.00333,0.278,152.002,4,Rock
2001,196133,0.429,0.924,2,-6.131,0,0.0406,0.000542,0.353,0.484,154.104,4,Rock
2013,251226,0.654,0.757,2,-9.251,1,0.0537,0.644,0.019,0.858,124.46,4,Rock
2010,308560,0.249,0.832,7,-3.487,1,0.0423,0.0686,0.0472,0.262,149.29,4,Reggae
2010,182066,0.452,0.96,4,-4.077,0,0.0921,0.000827,0.181,0.675,145.701,4,Rock
2006,196840,0.648,0.937,2,-3.977,1,0.0892,0.000539,0.0,0.679,91.469,4,Punk
2010,246946,0.263,0.847,0,-8.683,1,0.0357,2.26e-05,0.428,0.869,184.904,4,Rock
2003,164213,0.74,0.959,9,-3.692,1,0.193,0.0629,0.0,0.878,150.007,4,RnB
2016,299480,0.622,0.916,2,-4.979,1,0.0318,0.162,0.0,0.719,113.987,4,Metal
2005,271133,0.608,0.65,3,-11.816,1,0.0469,0.517,0.000689,0.198,158.706,4,Rock
2008,237866,0.46,0.698,4,-4.296,0,0.0314,0.203,0.0,0.156,142.043,4,Rock
2001,240333,0.667,0.638,0,-12.715,1,0.0384,0.73,0.864,0.652,124.615,4,Rock
2000,235400,0.488,0.272,6,-11.433,0,0.0261,0.637,0.00102,0.152,139.81,4,Rock
2002,204000,0.487,0.9,0,-4.417,1,0.0482,6.79e-05,0.0,0.484,149.937,4,Rock
2005,67133,0.259,0.651,10,-14.651,1,0.0589,0.86,0.98,0.656,134.972,4,Rap
2001,303856,0.433,0.934,3,-4.766,0,0.0541,0.00762,0.0,0.499,157.455,4,Rock
2002,175093,0.494,0.939,1,-3.127,1,0.126,0.00666,0.0,0.893,177.751,4,Pop
2012,222866,0.275,0.646,9,-7.461,1,0.0381,0.00388,0.292,0.606,96.922,3,Rock
2007,231186,0.5,0.873,0,-5.321,1,0.0659,0.0136,0.00472,0.177,120.082,4,Rock
2013,304042,0.216,0.928,6,-4.68,0,0.125,0.000511,8.21e-06,0.339,99.84,4,Pop
2004,247306,0.464,0.8,2,-7.296,1,0.0375,0.268,0.194,0.491,99.887,4,Rap
2003,270626,0.428,0.475,2,-11.012,1,0.0417,0.287,8.24e-05,0.663,93.34,4,Country
1993,255666,0.612,0.494,5,-11.535,1,0.0242,0.0532,1.14e-06,0.603,84.326,4,Rock
2004,380213,0.329,0.538,7,-10.044,1,0.03,0.478,0.0864,0.264,169.981,4,Rock
2015,289358,0.666,0.358,9,-15.877,1,0.0291,0.675,0.00757,0.348,112.285,4,Pop
2006,512693,0.526,0.802,0,-8.397,1,0.0703,0.0417,0.0,0.733,134.219,4,RnB
1991,462093,0.336,0.787,10,-8.803,0,0.0732,0.0793,0.0648,0.383,140.003,4,Rock
2009,225013,0.591,0.743,2,-6.926,0,0.0285,0.0666,0.000987,0.526,112.987,4,Rock
2004,259773,0.491,0.73,2,-8.351,0,0.0278,0.00556,0.0575,0.389,125.558,4,Rock
2001,441093,0.12,0.672,0,-7.873,1,0.0406,0.00912,0.0117,0.087,84.523,4,Rock
2006,272400,0.464,0.917,2,-4.539,1,0.0451,6.38e-05,0.0767,0.456,132.031,4,Rock
2010,166053,0.803,0.83,10,-4.636,0,0.0356,0.0144,0.0,0.935,111.033,4,Rock
2005,199773,0.696,0.677,2,-4.178,1,0.0554,0.000855,0.000247,0.551,150.125,4,Rock
2005,235440,0.651,0.816,10,-5.716,0,0.128,0.0034,0.00207,0.676,160.197,4,Rock
2005,251826,0.569,0.839,1,-6.292,1,0.0267,0.0844,0.0404,0.802,104.976,4,Rock
2003,185560,0.531,0.66,1,-3.725,1,0.0335,0.000833,0.855,0.533,136.027,4,Rock
2007,341946,0.477,0.728,2,-5.3,1,0.0394,0.0513,0.125,0.0994,106.765,4,Rock
2006,426680,0.506,0.877,0,-5.73,1,0.032,5.16e-05,0.776,0.302,114.589,5,Rap
2005,212813,0.927,0.39,1,-7.467,0,0.0475,0.309,2.2e-05,0.784,102.015,4,Jazz
2001,200759,0.267,0.887,2,-5.993,1,0.0815,1.11e-05,7.93e-05,0.44,121.629,4,Rock
2018,278907,0.47,0.806,2,-7.165,1,0.0369,0.379,0.0624,0.787,132.359,4,Rock
2004,226760,0.608,0.885,2,-4.296,0,0.0963,0.00258,1.33e-05,0.518,125.023,4,Punk
2005,211173,0.682,0.668,3,-6.568,1,0.0936,0.0504,0.00397,0.865,149.482,4,Rock
1984,387000,0.282,0.401,8,-12.308,0,0.0338,0.135,0.00109,0.101,108.23,4,Country
2005,234106,0.469,0.532,9,-15.666,0,0.0609,0.0128,0.125,0.52,160.914,4,Rock
1981,276880,0.436,0.884,9,-7.22,1,0.0455,0.0022,0.0154,0.72,175.113,4,Rock
2004,260093,0.564,0.873,2,-6.102,1,0.0997,0.000883,0.00505,0.616,178.1,4,Metal
2003,143800,0.562,0.936,10,-7.8,1,0.0617,0.0336,0.727,0.235,98.039,4,Rap
2005,159173,0.6,0.918,2,-5.42,1,0.0365,0.00475,0.826,0.771,130.131,4,Rock
2005,242906,0.594,0.662,8,-9.904,1,0.0344,0.268,0.00467,0.864,97.116,4,Rock
2001,380760,0.166,0.723,11,-6.845,1,0.0472,0.0153,0.00265,0.0756,170.957,4,Rock
2011,350680,0.463,0.713,8,-11.833,1,0.0556,0.0335,0.118,0.159,91.869,4,Rock
2005,243626,0.536,0.764,1,-5.174,0,0.0393,0.0302,1.06e-05,0.294,147.585,4,Rock
2005,274160,0.562,0.701,9,-8.127,1,0.0408,2.11e-05,0.172,0.175,140.007,4,Rock
1970,246413,0.273,0.866,11,-7.598,1,0.0347,0.000128,0.79,0.501,134.891,4,Rock
2003,168733,0.702,0.801,11,-3.075,0,0.0314,0.0224,0.0,0.963,131.953,4,Rock
2005,271860,0.194,0.464,8,-6.895,1,0.0322,0.0267,0.0736,0.053,160.359,3,Rock
2002,198386,0.459,0.964,6,-4.021,1,0.099,0.0207,0.114,0.356,107.244,4,Rock
2014,279266,0.68,0.737,7,-8.265,1,0.0458,0.0962,0.824,0.872,125.914,4,Rock
2013,213013,0.43,0.943,2,-7.69,1,0.128,0.0824,0.0,0.683,207.617,4,Rock
2008,283706,0.229,0.984,9,-4.441,0,0.0825,0.00146,2.95e-05,0.269,131.612,4,Country
2006,49906,0.485,0.205,11,-15.733,1,0.0524,0.977,0.0168,0.338,135.019,4,Rap
2005,202360,0.624,0.959,11,-6.253,0,0.0769,0.00133,0.171,0.69,95.794,4,Rock
1975,199493,0.414,0.161,7,-22.32,0,0.0318,0.883,0.000223,0.423,159.375,4,Rock
2009,176733,0.615,0.721,5,-6.244,1,0.074,0.172,0.0,0.188,122.042,4,Rock
2001,123666,0.521,0.297,2,-7.022,1,0.0351,0.732,0.0,0.517,118.681,4,Rock
2006,270626,0.364,0.918,11,-4.944,0,0.0788,0.000286,0.000143,0.419,135.965,4,Rock
2005,268400,0.499,0.637,2,-9.035,1,0.0401,0.0265,0.228,0.103,125.198,4,Rock
2005,275493,0.525,0.851,2,-5.683,1,0.04,0.0201,0.00088,0.496,87.082,4,Rock
1984,216440,0.605,0.771,6,-4.882,1,0.0279,0.0348,0.0,0.731,114.06,4,Rock
1993,161533,0.364,0.37,7,-14.134,1,0.0331,0.704,7.71e-06,0.421,103.44,4,Rock
2007,244960,0.596,0.557,0,-6.401,1,0.0299,0.027,1.64e-05,0.314,124.023,4,Rock
2015,202333,0.734,0.637,4,-5.677,0,0.141,0.0462,2.29e-05,0.648,169.977,4,Blues
2011,207293,0.488,0.933,4,-4.024,0,0.0752,0.0052,0.00506,0.626,137.198,4,Rock
2002,298800,0.234,0.907,6,-5.83,0,0.0697,2.33e-05,0.87,0.266,138.217,4,Pop
2006,245960,0.435,0.92,4,-1.357,0,0.201,0.235,0.000353,0.45,188.899,4,Pop
2002,218026,0.271,0.747,5,-6.386,0,0.124,0.0368,0.000322,0.339,174.165,4,Rock
2007,225506,0.714,0.694,3,-2.387,1,0.0335,0.0233,0.0,0.461,111.843,4,Rock
2013,219360,0.73,0.78,0,-5.706,1,0.0785,0.377,0.0,0.957,91.89,4,Rock
2011,273040,0.477,0.788,0,-5.478,0,0.06,0.00284,6.13e-05,0.256,153.071,4,RnB
2007,312920,0.65,0.678,2,-6.768,1,0.0304,0.000683,0.000671,0.682,107.548,4,Rock
1996,233226,0.262,0.567,9,-11.075,1,0.0344,0.161,0.263,0.377,172.857,3,Rock
2003,260680,0.366,0.847,8,-5.216,1,0.035,2.64e-05,0.0,0.606,166.17,4,Electronic
2005,215360,0.363,0.938,7,-4.652,1,0.0473,0.00623,3.44e-06,0.569,177.934,4,Pop
2009,203266,0.351,0.237,5,-12.584,1,0.0314,0.961,0.0822,0.0715,108.445,4,Rock
2007,201306,0.632,0.937,4,-3.696,0,0.0594,0.0291,0.0,0.968,164.097,4,Blues
2005,165093,0.702,0.567,7,-8.561,1,0.239,0.0815,2.75e-05,0.667,84.153,4,Rock
1997,297666,0.401,0.635,2,-8.277,1,0.0311,0.348,0.000405,0.199,76.022,4,Rock
2006,161506,0.693,0.658,9,-6.183,0,0.03,0.365,1.84e-06,0.625,149.911,4,Rock
1984,203200,0.455,0.807,0,-10.458,0,0.034,0.000124,0.00408,0.931,141.787,4,Rock
2003,248640,0.439,0.709,0,-3.545,1,0.026,0.00565,0.00152,0.319,81.331,4,Rock
1999,163706,0.371,0.259,7,-11.352,1,0.0312,0.443,0.00384,0.0467,140.425,3,Pop
1973,289360,0.412,0.54,7,-13.897,1,0.0516,0.0582,0.0717,0.299,96.783,4,Rock
2013,246013,0.256,0.841,6,-6.098,1,0.0672,0.000112,0.737,0.398,169.705,3,Rock
2008,182040,0.328,0.638,8,-8.839,1,0.0438,0.000291,0.0892,0.51,121.857,4,Rock
2001,232800,0.277,0.384,1,-9.853,1,0.035,0.807,0.0134,0.0997,141.637,4,Rock
1993,233093,0.35,0.836,6,-9.169,1,0.0391,6.67e-05,0.184,0.718,164.594,4,Rock
1999,195000,0.619,0.722,7,-6.414,1,0.0275,0.416,0.000183,0.793,112.064,4,Blues
2010,178666,0.785,0.692,9,-5.647,1,0.0776,0.112,0.00505,0.944,102.019,3,Rock
1995,171266,0.379,0.448,11,-14.072,0,0.0271,0.112,6.56e-05,0.542,88.239,4,Rock
1979,146321,0.406,0.128,9,-16.983,0,0.0349,0.359,0.0019,0.191,110.272,5,Rock
1977,202693,0.707,0.299,4,-12.468,0,0.0342,0.443,0.00759,0.48,141.269,4,Reggae
2009,133120,0.217,0.973,9,-4.106,1,0.157,0.00525,0.0,0.347,168.053,4,Rock
2010,290194,0.478,0.381,3,-11.408,1,0.032,0.485,0.0437,0.225,115.836,4,Rock
2012,171213,0.578,0.928,6,-5.662,0,0.0358,2.42e-05,0.0995,0.839,116.047,4,RnB
2007,204760,0.37,0.945,4,-3.099,1,0.0571,0.012,2.51e-05,0.592,164.193,4,Rock
2010,206733,0.834,0.787,0,-7.119,1,0.14,0.0803,0.0,0.837,119.976,4,Rock
2000,216333,0.446,0.528,5,-5.149,1,0.0386,0.0237,0.031,0.0398,137.881,4,Rock
2013,262034,0.287,0.808,7,-9.246,1,0.0656,0.462,0.00842,0.219,146.789,4,Rock
1991,231666,0.412,0.843,2,-9.875,0,0.0721,0.0082,0.0,0.24,113.635,4,Pop
2000,149666,0.57,0.963,11,-3.9,1,0.0464,0.0457,0.000266,0.962,162.94,4,Rock
2010,145266,0.499,0.809,11,-5.132,1,0.206,0.00123,0.0,0.808,176.11,4,Rock
2007,290493,0.704,0.811,9,-5.308,1,0.0277,0.355,0.000189,0.578,91.97,4,Rock
2003,167946,0.463,0.738,4,-4.443,0,0.0444,0.0119,0.0,0.417,73.809,4,Rock
2007,430346,0.382,0.688,9,-12.569,1,0.0419,0.268,0.0928,0.207,121.352,4,Rock
2007,221693,0.343,0.938,11,-4.205,1,0.0679,0.00333,9.95e-06,0.387,132.635,4,Rock
2004,276226,0.417,0.422,4,-7.018,1,0.0341,0.616,0.000104,0.072,74.065,4,Rock
1994,512556,0.52,0.442,0,-11.496,0,0.0251,0.181,0.176,0.227,75.19,4,Pop
2004,254666,0.622,0.413,8,-9.975,1,0.0457,0.0839,0.00235,0.52,130.166,4,Rock
2015,140506,0.53,0.861,7,-4.67,1,0.0372,0.0175,0.0177,0.844,130.476,4,Rock
2009,186080,0.58,0.579,5,-6.957,0,0.03,0.25,0.0,0.895,146.02,4,Jazz
1977,159440,0.521,0.894,2,-6.716,1,0.0529,0.0192,9.95e-05,0.886,151.231,4,Punk
2008,186693,0.528,0.952,2,-6.338,1,0.0698,0.0818,0.311,0.778,177.366,3,Rock
2014,266746,0.616,0.738,0,-7.218,1,0.0425,0.0182,0.0,0.581,117.38,4,Pop
2002,140920,0.428,0.718,9,-6.669,0,0.0314,0.294,0.000493,0.968,199.107,4,Pop
2014,195506,0.436,0.773,2,-6.351,0,0.037,6.2e-05,0.0,0.635,147.929,4,Pop
2004,250093,0.655,0.883,0,-4.913,1,0.0443,0.00165,0.00813,0.69,123.0,4,Jazz
2010,163840,0.505,0.945,8,-5.087,1,0.0354,0.0832,4.05e-06,0.883,121.452,4,Reggae
2013,163240,0.418,0.908,2,-4.658,1,0.0533,1.65e-05,0.000153,0.745,134.155,4,Rock
1979,127830,0.501,0.338,11,-19.12,1,0.0395,0.187,0.868,0.106,95.942,4,Rock
2005,169933,0.428,0.501,7,-6.364,1,0.0372,0.597,0.000231,0.146,76.953,4,Rock
2000,213800,0.467,0.959,2,-3.336,0,0.0693,0.000427,1.04e-06,0.646,169.167,4,Rock
2003,176160,0.427,0.941,7,-3.973,1,0.0336,6.7e-05,0.89,0.587,139.956,4,Rock
2007,208106,0.646,0.938,11,-3.472,0,0.0439,0.163,0.0,0.881,106.0,4,Rock
2007,257826,0.455,0.88,11,-4.746,1,0.0338,0.0308,0.0,0.464,155.061,4,Rock
2005,197800,0.477,0.863,7,-3.765,1,0.161,0.0528,9.74e-06,0.844,158.226,4,Rock
2007,208040,0.454,0.991,3,-5.622,1,0.312,0.00552,0.0086,0.28,123.155,4,Rock
2007,215293,0.305,0.909,9,-3.62,1,0.153,0.00527,7.6e-06,0.282,152.095,4,Rock
2008,280133,0.518,0.684,6,-6.035,0,0.0287,0.0376,2.71e-06,0.394,140.16,4,Electronic
2012,321946,0.368,0.808,2,-6.833,1,0.0439,0.185,0.00138,0.235,63.877,4,Rock
2012,231320,0.574,0.977,9,-4.543,0,0.0524,0.0111,0.0,0.53,110.003,4,Rock
2005,141866,0.461,0.951,7,-2.138,1,0.0798,0.162,0.00115,0.872,156.921,4,Rock
1996,310333,0.501,0.69,4,-7.953,0,0.0317,0.306,0.000162,0.876,95.758,4,Pop
1986,396106,0.679,0.716,9,-10.14,1,0.0313,0.000108,0.349,0.485,111.827,4,Metal
2012,217040,0.518,0.108,4,-15.291,1,0.0331,0.879,0.869,0.245,129.086,3,Jazz
2009,199560,0.496,0.558,1,-5.535,1,0.0302,0.213,0.000302,0.436,93.989,4,Rock
2010,218493,0.898,0.327,7,-9.802,1,0.0903,0.0122,0.000922,0.694,111.439,4,Jazz
2010,273320,0.652,0.345,9,-9.421,0,0.0377,0.407,5.97e-05,0.473,133.14,4,Rock
2007,236306,0.64,0.33,11,-10.848,0,0.0321,0.895,0.000585,0.296,80.706,4,Rock
2001,184600,0.344,0.606,9,-4.064,0,0.033,0.458,3.05e-06,0.459,80.595,4,Country
2014,161920,0.511,0.887,9,-5.05,0,0.182,0.205,0.0,0.614,161.62,4,Rock
2014,342533,0.594,0.771,7,-8.651,0,0.0342,0.0157,1.34e-05,0.578,89.824,4,Rap
1993,243866,0.391,0.589,9,-7.16,0,0.0266,0.0223,1.98e-05,0.345,139.769,4,Rock
2005,280760,0.746,0.774,3,-5.607,1,0.0523,0.245,0.000287,0.372,131.391,4,Pop
2007,225226,0.507,0.874,9,-5.57,0,0.168,0.00576,0.0,0.459,160.122,4,Rock
2008,253653,0.552,0.881,11,-4.172,1,0.052,0.0311,6.05e-05,0.336,117.968,4,Rock
1997,304666,0.332,0.52,4,-12.238,1,0.0265,0.726,0.476,0.355,109.617,4,Rock
2007,215026,0.434,0.912,10,-3.224,0,0.0555,0.0497,0.0,0.345,145.949,4,Rock
2001,238240,0.388,0.697,2,-5.827,1,0.0336,0.0088,0.00214,0.215,126.266,4,Rock
2013,377520,0.89,0.443,11,-10.024,0,0.0707,0.0172,0.336,0.476,119.994,4,Rock
2008,230933,0.409,0.535,0,-7.158,1,0.0251,0.44,0.00117,0.319,75.727,4,Rock
2017,289799,0.379,0.467,4,-13.047,1,0.0454,0.269,1.33e-05,0.374,125.858,4,Metal
1995,221226,0.172,0.764,5,-8.075,1,0.0514,0.000164,0.762,0.493,170.335,4,Rock
2010,202853,0.602,0.875,5,-5.154,0,0.0556,0.0012,0.0104,0.419,124.927,4,Jazz
1989,165066,0.661,0.407,4,-14.111,1,0.0334,0.00164,0.0241,0.497,125.644,4,Rock
1997,396440,0.49,0.884,8,-4.533,0,0.0428,0.000514,0.00177,0.254,132.978,4,Metal
2009,207520,0.41,0.632,9,-7.27,0,0.0295,0.0588,0.0619,0.683,115.741,4,Rock
2006,265800,0.262,0.905,10,-3.483,0,0.039,5.5e-05,0.262,0.379,173.781,4,Rock
2006,74346,0.266,0.884,10,-5.59,0,0.133,0.0817,0.000468,0.702,152.882,4,Rock
2003,186773,0.357,0.875,4,-4.536,0,0.0618,0.0106,0.00717,0.192,155.629,4,Electronic
1993,228280,0.875,0.882,9,-11.219,0,0.0499,0.0178,1.37e-05,0.874,126.574,4,Pop
2009,222520,0.488,0.79,9,-9.748,0,0.0462,0.000223,0.0029,0.43,166.318,4,Metal
2001,162040,0.472,0.746,11,-4.816,1,0.0321,0.00581,0.663,0.405,97.44,4,Rock
2001,130333,0.383,0.785,7,-2.546,1,0.0878,0.482,0.0,0.748,195.105,4,Rock
2001,279906,0.189,0.304,4,-11.897,0,0.032,0.0326,0.824,0.0899,145.76,4,Metal
1969,260959,0.492,0.446,7,-17.181,1,0.064,0.025,0.874,0.356,112.818,4,Reggae
2010,300346,0.436,0.666,1,-6.97,0,0.0326,0.679,0.0587,0.669,105.084,4,Rock
2012,225933,0.606,0.862,11,-6.001,1,0.0341,0.45,0.809,0.72,110.953,4,Rock
2013,191746,0.508,0.825,9,-7.219,1,0.0399,0.000206,0.792,0.125,159.795,3,Rock
2001,184180,0.443,0.959,6,-5.523,0,0.0993,0.00575,0.0,0.538,160.177,4,Rock
2005,186040,0.757,0.592,8,-8.179,0,0.0537,0.0725,0.0,0.74,89.948,4,Rock
1995,260640,0.202,0.744,9,-12.385,1,0.0504,0.000993,0.407,0.143,141.753,4,Rock
2009,261079,0.407,0.758,2,-8.905,1,0.0857,0.0528,0.000122,0.381,98.076,4,Jazz
1975,252773,0.723,0.49,9,-14.745,0,0.0296,0.111,0.0946,0.795,129.012,4,New Age
2005,243280,0.541,0.602,10,-6.033,1,0.0257,0.259,1.37e-06,0.446,81.32,4,Pop
2001,283333,0.513,0.862,2,-5.376,1,0.0488,0.0015,0.000166,0.235,153.931,4,Rock
2006,142973,0.457,0.515,4,-4.31,1,0.0261,0.358,0.0,0.222,74.984,4,Metal
1997,116133,0.555,0.786,0,-6.416,1,0.0707,0.00404,0.758,0.91,137.392,4,Country
1978,167533,0.624,0.857,1,-8.993,1,0.0595,0.00978,0.0,0.938,144.881,4,Rock
1982,235213,0.461,0.966,3,-5.562,1,0.0901,0.118,0.00084,0.282,91.541,4,Country
1993,259200,0.384,0.562,3,-10.059,0,0.0296,0.37,0.267,0.159,136.094,3,Rock
1979,198221,0.316,0.49,9,-14.578,1,0.0391,0.416,0.367,0.267,152.1,3,Rock
2007,269240,0.532,0.869,4,-5.366,1,0.0719,0.00173,0.314,0.414,90.126,4,Rock
2009,246093,0.39,0.861,9,-5.237,0,0.041,0.000103,0.00954,0.35,155.063,4,Rock
2009,282360,0.203,0.976,1,-4.73,1,0.115,0.000211,0.00025,0.324,152.919,4,Metal
2007,176893,0.394,0.764,7,-5.413,1,0.124,0.000469,0.0082,0.561,146.981,4,Rock
2008,214253,0.569,0.668,11,-6.269,1,0.0253,0.0457,0.576,0.575,109.87,4,Rock
2011,259026,0.511,0.728,11,-4.874,0,0.037,2.52e-05,7.41e-05,0.541,138.179,4,Rock
1969,282720,0.529,0.452,2,-12.593,1,0.136,0.534,0.000151,0.539,78.196,3,Reggae
2005,328866,0.24,0.892,1,-2.37,1,0.0466,0.00114,0.00245,0.268,154.65,4,Rock
2007,246306,0.654,0.864,7,-9.389,1,0.04,0.00457,0.0649,0.48,109.672,4,Electronic
2009,414960,0.327,0.918,7,-5.067,1,0.0623,0.000337,0.246,0.107,161.088,4,Rock
2006,254346,0.501,0.796,0,-4.599,1,0.104,0.107,0.000974,0.582,130.719,4,Rock
2014,148626,0.303,0.734,2,-8.548,1,0.0487,0.146,4.59e-06,0.597,93.048,4,Rock
2007,289485,0.292,0.306,7,-13.158,1,0.0547,0.184,0.0046,0.131,79.406,4,RnB
1994,271026,0.572,0.934,2,-6.112,1,0.0493,4.71e-06,0.85,0.343,100.039,4,Pop
1993,234226,0.623,0.639,7,-10.818,1,0.0285,0.023,0.00152,0.73,96.925,4,Rock
2006,248333,0.446,0.279,7,-8.396,0,0.0343,0.0383,0.0,0.159,123.738,4,Rock
2008,142653,0.312,0.945,9,-6.27,0,0.0846,0.000629,1.54e-06,0.628,183.508,4,Rock
2001,260000,0.375,0.403,2,-12.776,0,0.0286,0.745,0.546,0.207,80.661,4,Rock
2001,241466,0.229,0.994,6,-3.431,1,0.22,7.03e-05,0.00548,0.115,156.623,4,Rock
2012,247106,0.573,0.62,10,-12.099,0,0.0816,5.05e-05,0.719,0.145,97.07,4,Rock
2005,147960,0.288,0.987,4,-1.359,1,0.223,0.0168,0.0,0.336,184.519,4,Rock
1993,95133,0.231,0.954,10,-8.448,0,0.0701,2.17e-05,6.1e-05,0.292,174.034,4,Rock
2007,253306,0.449,0.974,2,-4.124,1,0.0473,0.000315,0.666,0.38,134.162,4,Electronic
2002,343400,0.329,0.658,9,-5.57,1,0.0373,0.00108,1.56e-06,0.288,141.123,4,Rock
2003,241466,0.573,0.909,10,-7.894,0,0.0516,0.00418,0.00333,0.517,108.27,4,Rock
2001,190760,0.559,0.931,9,-5.863,1,0.0721,0.00318,1.24e-05,0.644,90.911,4,Reggae
1984,168576,0.606,0.424,2,-14.35,1,0.0275,0.207,3.18e-05,0.645,105.97,4,Rock
2006,146746,0.386,0.347,11,-11.73,1,0.0389,0.297,0.000457,0.223,138.923,4,Rock
2008,214053,0.439,0.99,10,-3.895,0,0.107,0.0657,0.0233,0.466,131.294,4,Rock
2008,218893,0.614,0.919,5,-4.391,1,0.0294,0.0124,0.000257,0.435,100.001,4,Metal
2009,253453,0.372,0.85,0,-4.489,1,0.0528,0.00856,0.00218,0.347,148.03,4,Rock
2004,230226,0.524,0.923,2,-4.56,1,0.0604,0.00546,0.0,0.821,170.021,4,Rock
2003,300826,0.547,0.469,4,-5.773,1,0.0308,0.298,3.66e-05,0.272,70.26,4,Rock
1993,213693,0.506,0.761,3,-9.765,1,0.0404,0.00938,0.782,0.745,112.511,4,Rock
1995,258533,0.615,0.716,11,-6.812,1,0.0316,0.00702,0.00109,0.76,119.967,4,Pop
1998,117333,0.166,0.375,7,-9.175,1,0.0324,0.308,0.862,0.111,85.178,4,Rock
2005,196146,0.816,0.794,7,-6.095,1,0.0486,0.00644,0.00553,0.786,94.025,4,Pop
2004,191146,0.401,0.945,2,-3.374,0,0.0408,8.3e-05,0.146,0.681,125.387,4,RnB
2007,310280,0.447,0.952,7,-7.033,1,0.044,0.685,0.00215,0.82,79.331,4,Rock
1987,123880,0.641,0.607,7,-10.082,1,0.0252,0.0919,2.04e-05,0.946,104.28,4,Rock
2011,286886,0.351,0.129,2,-17.518,0,0.0297,0.859,0.734,0.0584,59.628,4,Rock
2009,175480,0.584,0.509,2,-13.109,1,0.0287,0.267,0.00252,0.367,90.457,4,Rock
2014,112533,0.442,0.995,1,-1.674,0,0.126,0.0108,0.0,0.639,127.02,4,RnB
2001,216133,0.517,0.843,0,-7.669,1,0.0357,0.0659,5.29e-05,0.492,107.955,4,Rock
2007,226400,0.473,0.874,8,-3.66,0,0.0409,6.14e-05,0.000606,0.444,121.475,4,Rock
2012,208933,0.372,0.819,2,-5.949,1,0.0578,0.0235,0.000172,0.679,80.799,4,Electronic
2006,152586,0.535,0.929,6,-3.922,1,0.0354,0.00115,1.42e-06,0.675,136.738,4,Rock
2005,216533,0.304,0.962,1,-2.076,0,0.0988,0.0448,0.0,0.0792,158.576,4,Metal
2011,205868,0.584,0.322,5,-10.31,1,0.0303,0.838,0.000177,0.404,75.922,1,Folk
2005,236133,0.404,0.968,6,-3.398,0,0.162,3.46e-05,2.22e-05,0.558,186.001,4,Rock
1979,203360,0.251,0.148,0,-21.056,1,0.0432,0.713,0.432,0.0569,206.542,4,Rock
2009,223240,0.549,0.831,1,-6.05,0,0.0642,0.00731,7.18e-06,0.519,129.597,4,Reggae
2012,266226,0.52,0.83,7,-4.753,1,0.0252,0.0066,0.0,0.362,96.002,4,RnB
2010,224533,0.764,0.829,9,-7.117,1,0.0719,0.154,0.12,0.933,139.608,4,Rock
2012,231466,0.668,0.739,4,-4.919,1,0.0308,0.0383,0.0,0.571,131.918,4,Rock
2007,328706,0.882,0.842,9,-4.534,1,0.0933,0.0136,0.0345,0.682,138.02,4,Electronic
2013,331106,0.672,0.613,2,-9.551,1,0.0711,0.222,0.0248,0.503,96.939,4,Jazz
2014,220293,0.279,0.993,11,-2.67,0,0.209,0.000278,0.000394,0.107,88.553,4,Metal
1966,149613,0.485,0.38,3,-11.773,1,0.034,0.829,0.0,0.531,92.933,4,Rock
1992,324426,0.525,0.597,2,-8.578,1,0.0551,0.00747,0.00553,0.47,133.58,4,Rock
1997,260093,0.543,0.89,0,-4.748,0,0.0453,0.00595,0.656,0.573,100.069,4,Rock
1987,268213,0.394,0.995,1,-4.946,1,0.105,0.13,0.00459,0.199,148.196,4,Rock
2009,289880,0.415,0.57,1,-10.526,0,0.0326,0.14,8.02e-06,0.49,98.894,4,Pop
2002,501933,0.399,0.699,5,-6.981,0,0.0603,0.349,1.32e-05,0.513,121.597,4,Electronic
2010,266813,0.527,0.852,11,-8.029,0,0.0394,0.00114,0.423,0.498,123.167,4,Rock
2005,186586,0.598,0.959,7,-3.096,1,0.0519,0.000772,0.0297,0.799,154.008,4,Rock
2006,278653,0.601,0.794,10,-3.044,1,0.0316,0.00406,0.000341,0.602,108.988,4,Reggae
2001,196573,0.455,0.602,9,-4.919,1,0.0255,6.34e-05,0.53,0.538,104.173,4,Rock
2009,243000,0.738,0.507,10,-4.765,1,0.0316,0.133,1.71e-05,0.626,125.078,4,Folk
2003,120000,0.714,0.983,7,-5.567,1,0.0563,0.165,0.713,0.719,107.728,4,Rock
1994,184506,0.461,0.882,4,-5.409,1,0.0343,0.000248,0.00049,0.688,138.303,4,Rock
2005,77213,0.885,0.329,11,-14.663,1,0.238,0.86,0.18,0.902,93.51,4,Pop
1991,242906,0.394,0.931,4,-6.762,0,0.0413,0.00583,0.464,0.517,94.004,4,Metal
2009,233106,0.598,0.81,7,-5.906,1,0.0269,0.00116,0.595,0.739,125.035,4,Rock
1992,251946,0.653,0.766,0,-8.078,1,0.0261,0.000464,0.00206,0.396,125.113,4,Rock
1996,269573,0.562,0.919,8,-4.458,0,0.0293,0.000223,0.113,0.728,113.357,4,Metal
2010,409560,0.365,0.57,9,-10.039,0,0.0696,0.028,0.042,0.364,128.432,4,Rock
2012,188146,0.525,0.649,10,-6.824,0,0.0398,0.426,0.000167,0.339,125.401,4,Rock
2004,212413,0.348,0.907,5,-3.66,0,0.0497,0.000516,0.0,0.177,185.406,4,Country
2003,267173,0.63,0.442,0,-13.19,1,0.11,0.509,0.0681,0.773,97.26,4,Country
1992,276240,0.621,0.679,8,-7.961,1,0.0475,0.0632,0.000497,0.185,109.413,4,Rock
2005,198466,0.479,0.881,9,-4.897,1,0.0446,0.0265,0.0,0.475,146.822,4,Rock
1994,186440,0.405,0.916,6,-7.557,1,0.0953,0.000345,0.172,0.332,164.961,4,Rock
1975,244686,0.632,0.849,9,-8.282,1,0.0351,0.167,0.0389,0.939,123.092,4,Rock
2007,155805,0.424,0.88,4,-3.254,0,0.048,0.000601,0.013,0.446,143.087,4,Rock
2011,235253,0.554,0.801,11,-5.912,0,0.0363,0.000186,0.0347,0.455,110.329,4,Rock
2007,215173,0.526,0.946,4,-4.931,0,0.0859,0.0925,0.000164,0.219,119.203,4,Rock
2011,314667,0.521,0.96,0,-7.554,0,0.165,0.632,0.91,0.35,149.739,4,Folk
2011,162293,0.62,0.812,2,-10.272,1,0.132,0.232,1.6e-06,0.8,105.347,4,Reggae
2005,246426,0.771,0.473,8,-9.734,1,0.0581,0.0273,0.0,0.549,97.283,4,Rap
2007,286866,0.295,0.948,6,-2.922,1,0.0552,0.00161,4.17e-05,0.469,124.374,4,Rock
2007,218013,0.508,0.886,8,-6.074,1,0.0408,0.009,2.13e-06,0.79,160.11,4,Pop
2007,204800,0.597,0.865,9,-4.684,0,0.0319,0.158,1.65e-05,0.661,96.094,4,Rock
2004,256800,0.691,0.551,5,-8.984,1,0.0389,0.386,0.00115,0.654,93.979,4,Rock
1998,498146,0.365,0.357,4,-6.227,0,0.0343,0.744,1.97e-05,0.117,118.436,3,Rock
2008,170933,0.548,0.71,2,-13.014,1,0.0602,0.125,0.181,0.846,167.739,4,Electronic
1993,145373,0.25,0.62,0,-10.915,1,0.0611,0.000849,0.0848,0.319,114.098,4,Rock
2013,169266,0.502,0.948,4,-2.788,1,0.0658,0.00109,0.0,0.703,103.527,4,Rock
1971,285227,0.507,0.837,2,-10.465,1,0.0624,0.174,0.814,0.318,107.013,1,Electronic
2004,294400,0.482,0.933,2,-2.945,1,0.0398,0.00393,0.875,0.347,118.06,4,Rock
2005,175266,0.367,0.958,6,-3.284,1,0.087,0.0131,1.01e-05,0.147,86.493,4,Metal
2002,238400,0.513,0.839,1,-3.32,0,0.0501,0.00089,0.00154,0.362,140.049,3,Rock
2007,250066,0.328,0.691,1,-6.154,1,0.0294,0.0674,3.36e-05,0.298,104.242,4,Rock
1998,201400,0.52,0.946,11,-5.512,1,0.0701,0.00585,0.0748,0.577,103.055,4,Metal
2008,270360,0.44,0.742,4,-7.062,0,0.0291,0.00651,0.0378,0.689,102.159,4,Rock
2014,282706,0.459,0.819,2,-7.336,1,0.0391,1.99e-05,0.000214,0.663,155.819,4,Rock
2007,218680,0.498,0.96,1,-3.749,0,0.154,0.000318,0.00314,0.284,152.032,4,Jazz
2007,170226,0.381,0.913,11,-4.146,0,0.0706,0.0183,0.743,0.305,141.467,3,Blues
2008,185360,0.571,0.848,7,-7.136,0,0.0777,0.17,0.0,0.634,93.949,4,Rock
1998,134026,0.604,0.278,7,-15.142,1,0.0349,0.326,0.0,0.38,109.002,4,Rock
2012,132133,0.192,0.96,9,-8.349,1,0.0848,0.000532,0.866,0.194,147.114,4,Rock
2013,232440,0.636,0.846,0,-3.732,0,0.0366,0.0454,0.0,0.854,119.471,4,Rock
1967,161026,0.509,0.581,7,-8.284,1,0.0331,0.0386,0.719,0.836,124.978,3,Rock
2015,343773,0.456,0.971,0,-5.159,1,0.0677,0.00743,0.000195,0.397,141.566,4,Rock
2013,178360,0.303,0.767,1,-5.593,1,0.0452,0.000137,0.109,0.529,156.887,3,Rock
2008,201506,0.288,0.86,2,-6.311,0,0.0393,0.103,0.000399,0.66,161.194,4,Rock
2012,226186,0.563,0.671,0,-5.432,1,0.0305,0.202,0.389,0.534,89.396,4,Rock
2003,241640,0.234,0.803,6,-5.789,1,0.0711,0.019,4.61e-06,0.263,79.263,4,Rock
2012,287573,0.6,0.728,0,-12.54,1,0.0294,0.285,0.0398,0.779,106.085,4,Rock
2010,237813,0.589,0.536,2,-7.87,1,0.025,0.518,0.0477,0.573,95.955,4,Rock
1979,351266,0.599,0.744,7,-8.72,1,0.0316,0.131,0.00275,0.723,91.259,4,Rock
2003,243666,0.636,0.866,9,-6.817,1,0.0331,0.161,0.00106,0.799,115.69,4,Rock
2008,278493,0.591,0.869,0,-5.373,1,0.0248,0.0257,0.00216,0.591,105.987,4,RnB
2014,165240,0.751,0.723,9,-9.092,0,0.0435,0.047,0.0977,0.632,125.802,4,Rock
2005,207333,0.37,0.924,6,-4.833,0,0.0542,9.73e-06,0.0963,0.598,149.999,4,Electronic
2011,327179,0.419,0.549,3,-8.534,0,0.028,0.319,0.0,0.387,172.294,4,RnB
2001,220840,0.837,0.79,7,-6.717,1,0.0933,0.0274,0.728,0.782,100.297,4,Rock
2008,159760,0.679,0.64,7,-9.418,1,0.111,0.277,0.351,0.111,160.016,4,Rock
2013,233973,0.581,0.53,3,-9.319,1,0.023,0.247,1.34e-05,0.397,92.915,4,Rock
1990,246400,0.224,0.94,4,-5.831,0,0.063,0.00367,0.0806,0.214,155.285,4,Rock
1974,252933,0.49,0.757,4,-6.932,1,0.0515,0.0323,0.00235,0.537,132.543,4,Rock
2013,160853,0.328,0.92,0,-5.869,1,0.082,0.027,1.33e-05,0.548,139.961,4,Rock
1991,210533,0.335,0.873,9,-9.053,1,0.0609,0.012,1.37e-06,0.192,135.713,4,Rock
2007,211053,0.623,0.913,9,-5.935,1,0.0986,0.00358,0.00207,0.742,146.33,4,Rock
2004,181026,0.372,0.974,10,-3.95,1,0.075,0.000133,4.16e-06,0.467,162.967,4,Rock
1996,243530,0.478,0.707,1,-5.021,1,0.0624,0.0556,0.0,0.653,148.052,4,Rock
1993,189733,0.256,0.906,2,-10.436,1,0.0548,1.93e-05,0.366,0.254,137.949,4,Rock
2010,200213,0.562,0.609,3,-7.063,0,0.0271,0.0264,0.0,0.512,130.753,4,Rock
2018,277081,0.507,0.937,7,-7.252,1,0.0708,0.0979,0.109,0.58,116.137,4,Rock
1991,308533,0.563,0.8,8,-6.565,1,0.039,0.000477,0.000523,0.431,83.09,4,Metal
2001,192906,0.617,0.971,0,-3.124,0,0.0502,0.278,2.22e-06,0.686,107.616,4,Rock
1984,201746,0.404,0.927,9,-7.568,1,0.146,0.0112,0.00678,0.49,175.11,4,Rock
2001,189973,0.376,0.31,8,-9.79,1,0.0332,0.55,0.841,0.461,131.566,4,Rock
1969,379733,0.41,0.509,9,-12.293,1,0.0823,0.144,0.00529,0.752,90.458,4,Electronic
2001,98533,0.495,0.67,8,-7.581,1,0.36,0.00485,0.588,0.519,153.532,4,Electronic
2007,196746,0.458,0.51,10,-10.424,0,0.0409,0.335,0.00425,0.275,193.948,4,Rap
1969,274693,0.328,0.575,7,-10.437,1,0.0439,0.351,0.000556,0.249,149.645,4,Reggae
2004,243640,0.442,0.855,6,-2.985,0,0.0288,0.00049,0.0137,0.363,175.543,4,RnB
2001,202933,0.63,0.895,7,-6.975,1,0.0449,0.00833,0.835,0.664,114.298,4,Rock
2008,179973,0.266,0.946,9,-2.855,1,0.171,0.00781,2.73e-06,0.498,168.461,4,Rock
2010,205213,0.55,0.74,1,-8.83,0,0.0274,0.172,0.659,0.521,122.278,4,Rock
1998,248360,0.192,0.943,4,-4.086,1,0.0851,0.0334,1.79e-05,0.204,136.34,4,RnB
2002,284666,0.315,0.788,0,-7.197,1,0.0363,0.108,0.0,0.61,180.261,4,Rock
2003,239280,0.804,0.725,0,-7.928,1,0.146,0.142,0.0459,0.588,174.117,4,Rock
2010,237786,0.335,0.931,3,-6.438,1,0.088,5.75e-05,0.799,0.299,170.621,4,Rock
2009,210666,0.34,0.922,3,-5.189,1,0.18,0.0129,2.39e-06,0.532,125.363,4,Rock
2011,219906,0.576,0.936,2,-3.699,1,0.0555,0.00457,0.00791,0.863,149.991,4,Rock
2013,250253,0.629,0.716,10,-7.529,1,0.11,0.614,4.33e-06,0.637,78.008,4,Electronic
2018,297373,0.703,0.888,7,-2.418,1,0.0292,0.00929,6.38e-06,0.888,103.003,4,Rock
2004,155213,0.46,0.83,7,-6.09,0,0.0449,0.00346,0.0,0.43,173.878,4,Rock
2015,228360,0.393,0.858,4,-2.868,0,0.0729,0.00359,0.0,0.56,176.042,4,Electronic
2006,425733,0.185,0.981,5,-4.455,1,0.129,7.19e-06,0.871,0.202,89.828,4,Rock
2007,303360,0.471,0.742,4,-6.287,1,0.0332,0.00956,8.4e-05,0.81,127.557,4,Rock
1970,234440,0.252,0.449,7,-13.244,1,0.0395,0.558,0.158,0.275,172.321,3,Folk
2008,359439,0.597,0.747,10,-6.657,0,0.0349,0.0077,0.0775,0.192,99.072,4,Rock
1981,618800,0.269,0.636,2,-15.556,1,0.088,0.0319,0.394,0.0565,134.93,4,Rock
2000,286933,0.417,0.809,2,-5.669,1,0.0502,0.0259,8.93e-06,0.121,121.071,4,Rock
2010,395520,0.43,0.53,5,-6.466,1,0.0256,0.137,0.0,0.156,82.45,3,RnB
2000,166933,0.453,0.646,7,-8.012,1,0.0275,0.191,0.0,0.508,81.586,4,Rock
1987,219933,0.447,0.939,8,-8.468,1,0.0462,0.163,0.0203,0.32,103.27,4,Punk
2007,215573,0.284,0.416,5,-9.391,1,0.0329,0.893,0.000608,0.425,161.513,3,Folk
2004,279026,0.237,0.801,4,-5.281,0,0.0949,0.0133,1.29e-06,0.289,208.58,4,Reggae
2007,100920,0.31,0.175,0,-11.93,1,0.0433,0.0642,0.813,0.182,125.319,4,Metal
2006,213200,0.382,0.882,11,-4.166,1,0.0429,0.0022,0.144,0.57,140.034,4,Rock
1999,243026,0.639,0.902,9,-4.043,1,0.0294,0.166,8.14e-06,0.951,115.963,4,RnB
1989,174453,0.404,0.923,10,-5.318,0,0.0563,6.31e-06,0.00404,0.588,129.955,4,Rock
2004,135373,0.468,0.828,1,-4.833,1,0.0419,0.000356,0.0375,0.286,154.299,4,Electronic
2008,323600,0.614,0.677,9,-8.317,0,0.0323,0.0193,0.518,0.717,126.477,4,Rock
2006,221242,0.366,0.903,3,-3.261,1,0.0707,0.000371,0.00018,0.492,171.872,3,Rock
1982,331200,0.384,0.512,7,-13.035,0,0.0358,0.0213,0.000139,0.739,78.442,4,Rock
2011,264546,0.516,0.588,4,-8.968,0,0.0332,0.507,8.72e-06,0.437,79.061,4,Pop
1993,187866,0.42,0.548,0,-12.298,1,0.0268,0.000135,0.399,0.408,101.9,4,Rock
2004,185280,0.61,0.798,11,-6.91,0,0.0337,0.0443,0.00035,0.94,124.128,4,Rock
2006,151720,0.587,0.694,9,-7.106,1,0.0321,0.303,0.0,0.706,114.209,4,Rock
1999,330226,0.536,0.782,10,-4.562,0,0.0353,0.0028,0.000729,0.513,111.247,4,Rock
2004,278000,0.56,0.645,0,-7.953,0,0.0312,0.0583,0.0614,0.283,90.181,4,Rock
1979,234333,0.528,0.397,9,-12.024,1,0.0926,0.00562,3.64e-06,0.579,128.475,4,Reggae
2005,204706,0.492,0.937,7,-4.228,1,0.046,0.00166,0.0405,0.593,111.82,4,Rock
2001,160106,0.794,0.918,0,-3.395,1,0.0358,0.105,0.00019,0.791,96.401,5,Rock
2014,295573,0.473,0.718,7,-3.524,1,0.0274,0.056,0.0,0.307,92.595,4,Rap
1986,348200,0.399,0.488,0,-7.609,1,0.0301,0.0537,1.53e-06,0.378,107.256,3,Rock
2006,311000,0.383,0.945,11,-1.651,1,0.0495,0.000116,0.00165,0.306,120.864,4,Rock
2003,179106,0.568,0.937,6,-3.121,1,0.0673,0.00228,0.0103,0.633,138.736,4,Rock
1996,277333,0.654,0.77,11,-6.443,0,0.106,0.0102,0.00827,0.668,107.781,4,Rock
2008,417200,0.25,0.964,7,-5.481,1,0.0585,0.00931,0.136,0.718,156.754,4,Rock
1996,281000,0.535,0.479,5,-14.112,0,0.0311,0.277,0.0285,0.504,88.841,4,Rock
1992,176266,0.612,0.842,2,-10.516,1,0.0428,0.0282,0.818,0.926,124.384,4,Electronic
2012,212786,0.784,0.845,0,-8.17,0,0.0702,0.36,0.092,0.718,128.102,4,Rock
2003,252373,0.261,0.757,8,-4.183,1,0.0314,0.00151,0.0,0.268,141.542,4,Metal
2001,291733,0.325,0.565,7,-7.303,1,0.0306,0.395,0.245,0.0881,138.302,4,Rock
2007,507749,0.316,0.774,9,-9.771,1,0.0727,0.216,0.00252,0.439,144.129,4,Jazz
2007,321760,0.441,0.828,8,-6.544,1,0.0331,0.0533,0.000328,0.643,143.395,4,Rock
2008,180880,0.512,0.835,11,-5.377,0,0.0591,0.0312,0.0,0.813,155.732,4,Rock
2005,161506,0.371,0.956,4,-4.281,0,0.115,0.0169,1.22e-06,0.53,160.537,4,Rock
2004,284093,0.446,0.655,11,-7.439,1,0.0335,0.00294,0.00348,0.3,124.63,4,Rock
2007,181133,0.743,0.746,2,-6.411,1,0.0325,0.0433,2.5e-06,0.74,101.982,4,Rock
1978,216133,0.457,0.932,8,-4.988,0,0.0633,0.144,9.15e-05,0.473,95.688,4,Country
2007,156453,0.404,0.584,7,-6.861,1,0.0548,0.907,0.205,0.55,173.078,3,New Age
2010,355813,0.645,0.728,1,-6.567,1,0.0287,0.00208,0.00151,0.678,116.982,4,Electronic
2011,216106,0.788,0.687,2,-6.784,1,0.044,0.18,2.93e-05,0.961,108.804,4,Rock
2009,228640,0.304,0.964,11,-3.849,0,0.0638,9.56e-06,0.00106,0.706,189.085,4,Rock
2000,246066,0.585,0.603,6,-7.152,1,0.0254,0.000234,0.891,0.212,102.364,4,Rock
1970,296266,0.408,0.8,2,-9.808,1,0.0333,0.0826,0.00292,0.339,105.916,4,Blues
1996,261906,0.35,0.902,8,-7.125,1,0.0357,8.82e-05,0.0425,0.78,115.909,4,Metal
2013,170440,0.501,0.84,8,-5.746,1,0.1,0.258,0.0,0.897,118.081,4,Pop
2011,197800,0.525,0.927,1,-9.561,0,0.0547,0.0025,0.000799,0.308,161.798,4,Rock
2003,179426,0.52,0.801,9,-5.356,1,0.0408,0.0823,0.0,0.885,160.982,4,Rock
2006,197173,0.255,0.957,9,-3.42,1,0.0678,1.07e-05,1.01e-05,0.552,186.475,4,Rock
2009,415493,0.501,0.976,5,-4.471,1,0.0551,9.24e-05,0.0626,0.482,109.994,4,Rock
2008,228706,0.51,0.872,8,-3.985,0,0.0414,0.0298,0.00159,0.602,175.994,4,Rock
2013,229973,0.337,0.981,8,-3.54,1,0.141,6.68e-05,0.000717,0.228,176.995,4,Metal
2007,189146,0.362,0.931,2,-2.945,1,0.0753,0.000461,2.08e-05,0.339,147.358,4,Rock
2005,210120,0.203,0.925,2,-3.404,0,0.0804,0.00135,0.0,0.643,189.083,4,Rap
2007,237506,0.274,0.774,0,-7.504,0,0.0404,0.00452,0.684,0.144,121.124,4,Rock
2011,206893,0.552,0.99,3,-4.347,0,0.0796,3.65e-05,0.000791,0.492,124.075,4,RnB
1999,143560,0.316,0.951,9,-6.941,1,0.118,0.00847,1.03e-06,0.301,145.406,4,Rock
1991,298960,0.218,0.594,7,-9.871,1,0.0304,0.0477,5.2e-06,0.198,82.503,4,Rock
2006,168346,0.469,0.888,6,-3.467,1,0.0575,0.00019,0.0,0.773,122.621,4,Rock
2009,243226,0.584,0.536,10,-8.158,1,0.0279,0.112,0.0,0.44,126.996,4,Rock
1988,92640,0.379,0.816,4,-11.835,1,0.0719,0.0378,4.13e-06,0.286,94.219,4,Rock
2011,257786,0.529,0.83,6,-5.428,1,0.0397,0.0211,0.0,0.318,93.933,4,Rock
2013,251800,0.783,0.694,10,-7.854,1,0.0681,0.286,0.0214,0.627,95.755,4,Country
1989,316706,0.364,0.355,0,-13.93,1,0.0305,0.0318,0.4,0.27,86.995,4,Rock
2005,781253,0.215,0.000156,7,-8.305,0,0.0501,0.29,0.773,0.0369,123.087,4,Rock
2000,213600,0.523,0.891,9,-6.092,1,0.0425,0.00608,0.0,0.791,116.601,4,Rock
2006,229234,0.29,0.48,5,-6.583,1,0.0296,0.116,3.03e-06,0.382,112.62,4,Rock
1994,127533,0.5,0.921,6,-5.261,1,0.0355,0.000165,0.00118,0.891,90.861,4,Rock
2005,239346,0.471,0.804,9,-6.508,0,0.0553,0.00468,5.27e-05,0.103,134.987,4,Rock
2002,201906,0.29,0.775,7,-3.03,1,0.0359,0.000121,0.00281,0.212,86.712,4,Rock
2007,242786,0.45,0.779,7,-6.329,1,0.0488,0.0312,0.000219,0.337,124.227,4,Rock
2007,151773,0.461,0.31,5,-13.052,1,0.0306,0.683,0.00331,0.0956,109.133,4,Rock
2007,239906,0.289,0.787,7,-2.362,1,0.0341,0.0337,0.0,0.139,161.032,3,Pop
1969,259741,0.345,0.461,9,-12.063,1,0.0645,0.479,0.0184,0.171,96.346,4,Blues
2003,237320,0.634,0.838,2,-5.363,1,0.0413,0.0531,8.34e-06,0.541,95.011,4,Jazz
2009,322026,0.225,0.757,0,-8.148,1,0.0882,0.0794,0.0842,0.516,110.867,3,Rock
2004,177066,0.407,0.935,11,-4.422,0,0.0492,0.00536,0.0391,0.659,187.06,4,Rock
1996,291200,0.489,0.682,0,-11.566,1,0.218,0.299,0.000162,0.768,120.633,4,Rock
2001,285053,0.619,0.437,7,-11.756,1,0.0314,0.465,0.00609,0.406,89.511,4,Rock
2000,239133,0.539,0.566,7,-7.541,1,0.0844,0.297,6.13e-06,0.422,82.278,4,Country
2012,295000,0.634,0.451,5,-8.346,1,0.0399,0.321,5.77e-05,0.175,88.011,4,Rock
2009,248386,0.386,0.907,11,-3.74,0,0.037,0.0612,0.000269,0.207,106.972,4,Rock
2008,466586,0.297,0.692,4,-5.625,0,0.0344,0.00196,3.75e-06,0.103,121.52,4,Metal
1979,104113,0.186,0.0775,0,-35.898,1,0.0534,0.674,0.506,0.455,133.137,3,Rock
2010,263280,0.626,0.572,2,-7.989,1,0.0228,0.197,0.000497,0.297,97.081,4,Rock
2006,236960,0.473,0.972,2,-3.138,0,0.0955,0.000223,0.0,0.475,162.95,4,Rock
2011,192742,0.49,0.777,7,-11.521,1,0.0974,0.00101,0.898,0.729,135.991,4,Rock
2004,163426,0.654,0.786,0,-4.697,1,0.0879,0.132,0.0,0.806,120.097,4,Rock
2002,217600,0.395,0.855,0,-3.001,1,0.0356,0.000125,0.0333,0.472,130.892,3,Jazz
2009,255866,0.748,0.92,7,-5.953,1,0.0417,0.00526,0.805,0.701,112.781,4,Electronic
1979,318846,0.414,0.37,4,-15.748,0,0.0573,0.696,0.000129,0.33,76.846,4,Folk
2013,285893,0.452,0.848,6,-5.655,0,0.037,0.000257,0.0185,0.277,148.202,3,Rock
2004,128506,0.339,0.792,5,-5.555,1,0.061,0.00124,0.00488,0.796,168.149,4,Rock
2003,110000,0.568,0.976,11,-3.225,0,0.108,0.00184,0.151,0.736,143.81,4,Rock
2009,283541,0.54,0.615,1,-9.064,0,0.0335,0.0823,0.779,0.596,100.157,4,Rock
2010,103080,0.559,0.788,0,-6.082,1,0.0439,0.0479,0.0108,0.865,112.512,4,Rock
2010,150240,0.608,0.643,0,-8.369,1,0.32,0.0845,4.42e-06,0.67,164.404,4,Rock
2004,215920,0.464,0.868,9,-4.024,1,0.0561,3.43e-05,0.000111,0.242,150.024,4,Metal
2014,249920,0.567,0.683,1,-5.61,1,0.0286,0.00747,0.0,0.327,111.899,4,Rock
2012,165173,0.568,0.982,10,-3.818,0,0.0682,0.000783,0.0,0.492,104.35,4,Metal
1995,172920,0.273,0.0332,6,-22.448,1,0.0344,0.957,0.771,0.14,97.154,5,Rock
1989,175760,0.34,0.96,2,-6.095,1,0.0858,7.87e-06,5.16e-05,0.432,112.337,3,Rock
2002,252400,0.607,0.941,6,-2.955,1,0.0465,0.00312,0.000239,0.498,95.929,4,Rock
1997,466560,0.415,0.456,9,-12.082,1,0.0352,0.00501,0.763,0.0935,151.937,4,Rock
1978,136000,0.26,0.925,0,-4.338,1,0.0566,0.000794,0.0,0.4,103.904,4,Rock
2009,241320,0.326,0.948,1,-4.315,0,0.0606,0.000258,0.0,0.358,166.388,4,Rock
2006,128280,0.471,0.593,7,-7.492,1,0.0367,0.545,0.0547,0.474,170.628,4,Rock
2002,198200,0.626,0.8,9,-5.085,0,0.0611,0.0313,0.0,0.737,145.839,4,Rock
2009,272800,0.529,0.92,5,-7.333,1,0.0504,0.0152,0.0285,0.727,119.379,4,Rock
2002,143626,0.611,0.795,6,-3.428,1,0.04,0.0173,0.0,0.383,95.759,4,Metal
1973,255066,0.566,0.947,9,-6.547,1,0.0332,0.168,0.0,0.974,117.239,4,Pop
1999,143866,0.465,0.947,4,-5.513,1,0.0883,0.00249,9.04e-05,0.6,100.717,4,Rock
1991,310533,0.508,0.741,2,-9.437,0,0.0287,4.22e-05,0.016,0.58,95.066,1,Rock
2013,220586,0.6,0.293,7,-14.295,1,0.0327,0.876,0.000567,0.358,118.275,4,Blues
2006,216586,0.265,0.963,5,-3.19,0,0.0999,0.00814,0.00223,0.224,152.362,4,Rock
1989,278653,0.502,0.52,11,-13.537,1,0.0283,0.0347,0.404,0.585,103.711,4,Rock
2011,286466,0.42,0.914,6,-4.322,0,0.043,2.86e-05,0.0282,0.301,170.199,4,Rock
1979,164040,0.606,0.879,7,-6.617,1,0.0431,0.0312,0.0,0.786,114.105,4,Rock
2011,256173,0.274,0.96,8,-4.502,1,0.171,0.000837,0.0,0.309,169.247,4,Blues
2012,228173,0.442,0.884,11,-6.485,0,0.0945,0.000252,0.000651,0.601,145.107,4,Punk
2001,236360,0.455,0.848,7,-5.242,0,0.0284,0.00043,7.03e-06,0.515,90.932,4,Rock
2005,151306,0.393,0.843,4,-6.1,0,0.037,0.000408,0.0531,0.664,144.314,4,Rock
2007,239546,0.356,0.844,9,-3.628,1,0.057,0.00361,0.000114,0.183,131.529,4,Rock
2006,201120,0.479,0.827,8,-5.183,1,0.0925,0.00148,8.85e-06,0.373,151.984,4,Rock
2009,265972,0.502,0.357,9,-11.148,0,0.0289,0.924,0.0153,0.0993,146.858,4,Rock
2012,202025,0.691,0.82,0,-7.792,0,0.0339,0.384,0.0291,0.842,120.027,4,Rock
2006,308813,0.271,0.678,11,-7.713,0,0.0415,0.000189,0.0011,0.2,170.969,4,Rock
2003,95386,0.426,0.518,11,-14.036,0,0.0359,0.329,9.88e-05,0.32,86.716,4,Rock
2000,260560,0.73,0.585,0,-9.274,1,0.0238,0.375,0.0101,0.721,100.021,4,Rock
2008,239960,0.377,0.718,3,-6.166,1,0.0364,0.042,0.0,0.716,148.158,4,Rock
2002,220200,0.404,0.98,2,-4.038,1,0.107,0.000193,0.0,0.433,177.793,4,Rock
2009,212153,0.407,0.77,4,-8.958,0,0.0478,0.00524,0.0687,0.781,103.083,4,Rock
2008,252093,0.603,0.869,9,-7.167,0,0.0309,0.0443,0.737,0.795,138.944,4,Rock
2006,199213,0.42,0.995,8,-2.984,0,0.0769,0.000266,0.000429,0.469,105.634,4,Rock
2008,146266,0.344,0.756,6,-7.298,0,0.0551,0.00923,3.22e-05,0.495,128.185,3,Rock
1999,139106,0.344,0.936,1,-4.075,0,0.133,0.103,0.0,0.882,119.149,4,Pop
1997,83800,0.491,0.263,7,-11.793,1,0.0305,0.52,0.182,0.195,119.231,3,Rock
2012,181000,0.714,0.212,9,-13.178,0,0.0444,0.727,0.145,0.356,99.033,4,Electronic
2009,220506,0.244,0.896,6,-5.576,0,0.464,0.0614,2.83e-05,0.142,83.354,4,Rock
2007,290093,0.508,0.522,4,-6.812,1,0.0303,0.0143,0.237,0.34,154.027,4,Rock
2009,237533,0.566,0.61,2,-11.228,1,0.0388,0.165,0.006,0.406,114.904,4,Rock
2000,255000,0.391,0.887,0,-4.612,0,0.0597,0.00316,0.0556,0.32,101.969,4,Rock
1997,288640,0.422,0.846,0,-4.426,1,0.0364,0.0574,2.69e-06,0.192,81.048,4,Reggae
2012,270813,0.44,0.894,6,-3.063,1,0.0511,0.00104,0.108,0.281,132.884,4,Rock
2012,241840,0.358,0.851,11,-3.623,0,0.041,0.0217,0.0,0.397,137.465,4,Pop
1987,178720,0.446,0.633,2,-11.36,1,0.0503,0.191,0.00699,0.612,169.324,4,Rock
2012,166520,0.393,0.714,11,-8.521,1,0.0374,0.159,2.49e-06,0.769,115.522,4,Rock
2002,364924,0.521,0.686,1,-5.532,0,0.046,0.121,0.474,0.381,116.119,4,Rock
2009,441133,0.249,0.949,2,-2.642,0,0.0678,0.00131,0.0228,0.498,185.252,4,Rap
1991,391266,0.339,0.449,0,-15.818,1,0.0393,0.0976,0.000219,0.254,72.302,4,Rock
2006,312533,0.543,0.878,11,-5.994,1,0.0472,0.0485,0.00101,0.189,144.157,4,Rock
2012,213786,0.613,0.704,0,-10.732,1,0.0279,0.00593,0.482,0.623,116.904,4,Rock
2006,217866,0.648,0.374,7,-10.543,1,0.0421,0.0377,0.436,0.223,130.628,4,Rock
1967,170693,0.41,0.218,11,-12.544,0,0.0293,0.902,0.000396,0.0755,72.081,4,Rock
2006,135173,0.427,0.56,4,-7.509,0,0.0321,0.0023,0.0,0.5,149.234,4,Rock
2003,161133,0.323,0.901,2,-5.251,1,0.0528,0.0095,0.000278,0.711,152.395,4,Rock
2013,295280,0.393,0.636,9,-6.377,0,0.0383,0.00235,0.0354,0.364,79.519,4,Electronic
1994,256640,0.544,0.687,6,-6.726,0,0.0604,0.00119,0.264,0.754,79.877,4,Rock
1971,132800,0.561,0.581,2,-11.759,1,0.0616,0.0465,0.00495,0.96,128.967,4,Rock
1992,275600,0.29,0.808,7,-9.733,1,0.0762,7.38e-05,6.85e-05,0.323,135.505,4,Rock
2007,94053,0.728,0.652,3,-6.833,1,0.025,0.452,0.000248,0.754,106.892,4,Rock
2013,224893,0.707,0.585,8,-5.293,1,0.0298,0.691,0.0,0.407,82.784,4,Pop
2003,220226,0.515,0.975,11,-4.433,0,0.0609,7.65e-05,0.561,0.309,154.05,4,Metal
1993,193266,0.81,0.662,0,-11.262,1,0.0487,0.0673,0.626,0.993,139.771,4,Jazz
2005,248840,0.869,0.393,1,-10.438,1,0.0564,0.557,0.557,0.519,149.953,4,Metal
2006,181440,0.288,0.978,1,-3.748,0,0.117,0.000374,1.04e-06,0.633,120.13,4,Rock
1967,194893,0.616,0.792,9,-7.076,1,0.0347,0.00145,0.15,0.349,125.212,4,Rock
1986,159093,0.537,0.655,7,-12.356,1,0.0323,0.0978,0.0,0.667,105.232,4,Rock
2006,229293,0.553,0.903,0,-5.877,1,0.0432,0.000122,3.1e-06,0.506,103.086,4,Rock
2003,197906,0.758,0.802,11,-3.651,0,0.0714,0.0085,0.0,0.769,118.023,4,Rock
2009,234426,0.534,0.877,8,-4.591,1,0.0388,0.000898,5.64e-05,0.341,93.004,4,Rock
2006,223320,0.32,0.625,11,-4.987,1,0.0337,5.2e-06,0.00028,0.457,122.513,4,Rock
1995,144585,0.634,0.976,9,-3.294,1,0.0538,0.263,0.0,0.945,164.565,4,Rock
2004,190840,0.429,0.809,8,-8.268,0,0.0354,0.00991,0.000113,0.739,121.744,4,Rock
2009,304773,0.442,0.911,9,-5.025,1,0.0728,0.000771,0.00289,0.183,122.961,4,Punk
2008,229173,0.78,0.797,1,-5.474,1,0.034,0.139,0.00321,0.654,103.028,3,Pop
2007,311866,0.617,0.717,10,-7.858,0,0.153,0.00564,0.0,0.49,103.992,4,Electronic
2001,320357,0.613,0.697,2,-8.618,1,0.133,0.0194,0.0,0.476,122.746,4,Country
2007,203760,0.447,0.848,2,-6.175,1,0.222,0.033,7.45e-05,0.485,172.247,4,Rock
2009,201946,0.763,0.484,11,-12.368,0,0.0311,0.812,0.393,0.416,122.913,4,Rock
2012,161453,0.866,0.452,4,-12.531,1,0.0731,0.717,0.0918,0.714,124.057,4,Rock
2010,274800,0.626,0.8,11,-6.777,0,0.0435,0.000582,0.00114,0.353,98.995,4,Pop
2010,211171,0.884,0.397,6,-13.208,0,0.0528,0.765,0.966,0.734,105.02,4,Pop
2009,174760,0.565,0.704,8,-5.425,1,0.031,0.0838,4.21e-06,0.545,106.056,4,Rock
1994,306173,0.58,0.302,9,-11.806,0,0.072,0.777,0.144,0.181,76.113,4,Electronic
2001,298333,0.646,0.667,9,-8.234,1,0.0334,0.0569,0.862,0.538,124.712,4,Electronic
2001,207533,0.617,0.883,7,-9.07,1,0.0503,0.307,0.861,0.126,122.87,4,Electronic
2008,270866,0.776,0.505,1,-7.873,0,0.0316,0.0963,0.285,0.0678,119.585,4,Rap
2009,242266,0.825,0.347,11,-13.148,1,0.0504,0.551,0.813,0.511,122.744,4,Rock
2009,188120,0.94,0.208,9,-15.235,0,0.0853,0.21,0.085,0.148,115.872,4,Rock
1994,254000,0.703,0.64,8,-6.698,0,0.0401,0.0531,0.314,0.556,94.077,4,Electronic
2005,284280,0.812,0.516,9,-6.963,1,0.224,0.000369,1.09e-05,0.633,127.498,4,Electronic
2010,188013,0.829,0.626,1,-4.331,1,0.0845,0.00577,0.0,0.742,120.053,4,Pop
2012,187973,0.656,0.253,2,-12.6,0,0.0385,0.654,0.0675,0.115,62.514,4,Rock
1994,307493,0.652,0.493,11,-11.493,1,0.228,0.408,0.00034,0.462,164.269,4,Electronic
2010,206373,0.602,0.863,5,-5.423,0,0.0773,0.0178,0.0,0.732,150.183,4,Pop
2010,222320,0.611,0.72,11,-5.573,1,0.0834,0.0482,0.0,0.712,144.084,4,Pop
2012,201914,0.582,0.879,1,-6.426,0,0.0335,0.0465,0.725,0.463,126.04,4,Rock
2008,189253,0.611,0.811,2,-5.353,1,0.0281,0.038,0.202,0.206,125.922,4,Electronic
1997,328680,0.806,0.7,0,-5.269,0,0.0752,0.00196,0.891,0.892,111.215,4,Electronic
1998,300133,0.522,0.889,10,-6.789,0,0.104,0.0251,0.619,0.281,164.031,4,Electronic
1991,308426,0.592,0.835,7,-8.475,1,0.032,0.0393,0.209,0.703,114.436,4,Electronic
2001,211640,0.703,0.755,5,-8.474,0,0.0751,0.00386,0.889,0.943,124.054,4,Electronic
2001,104466,0.491,0.186,0,-29.512,1,0.0321,0.845,0.916,0.457,119.883,4,Electronic
1994,257160,0.668,0.52,9,-11.098,1,0.0444,0.698,0.0165,0.556,153.963,4,Electronic
2009,218626,0.675,0.745,6,-8.489,1,0.047,0.00249,0.147,0.849,106.486,4,Electronic
2001,227866,0.669,0.736,4,-11.424,0,0.0464,0.264,0.813,0.277,119.887,4,Folk
2012,263120,0.569,0.764,11,-5.469,1,0.0366,0.0328,0.0,0.425,101.028,4,Electronic
2001,344893,0.607,0.689,9,-13.905,0,0.0441,0.455,0.938,0.118,106.894,4,Electronic
2010,178053,0.504,0.781,5,-7.061,0,0.0348,0.356,2.58e-05,0.628,149.817,4,Pop
2014,250120,0.685,0.558,2,-7.461,1,0.0327,0.124,0.871,0.524,155.989,4,Rock
2009,191973,0.8,0.716,6,-5.253,0,0.0566,0.141,0.000183,0.735,114.962,4,Electronic
2009,172440,0.791,0.903,2,-5.258,1,0.163,0.0186,0.0509,0.674,120.075,4,Pop
1998,381666,0.56,0.455,1,-11.221,0,0.0304,0.00575,0.757,0.44,168.081,4,Electronic
2008,211426,0.766,0.643,11,-5.043,1,0.23,0.0948,0.0,0.81,114.982,4,Pop
2001,201800,0.653,0.869,8,-9.393,1,0.217,0.00435,0.413,0.515,125.207,4,Electronic
2009,222106,0.818,0.696,5,-3.339,1,0.0518,0.0336,4.58e-06,0.966,127.015,4,Pop
2008,270946,0.471,0.484,9,-9.414,0,0.0317,0.925,0.499,0.236,74.982,4,Electronic
2013,257413,0.537,0.775,9,-7.988,0,0.0581,0.0183,0.0563,0.424,91.023,4,Electronic
2007,390013,0.722,0.894,7,-5.903,1,0.0325,0.0418,0.00374,0.396,113.003,4,Electronic
2010,248320,0.631,0.971,8,0.038,0,0.0463,0.00117,0.0,0.855,150.036,4,Metal
2012,180706,0.716,0.469,2,-10.033,1,0.0484,0.358,0.0678,0.498,116.953,4,Rock
2009,249253,0.696,0.794,9,-4.546,0,0.0475,0.00174,0.0,0.648,120.009,4,Metal
2004,210946,0.346,0.385,7,-11.771,0,0.0288,0.233,0.788,0.14,142.997,4,Electronic
2008,242546,0.683,0.87,0,-7.197,0,0.028,0.00441,9.82e-05,0.519,119.983,4,Electronic
2009,170293,0.771,0.752,10,-3.284,0,0.0472,0.0135,0.000159,0.85,119.089,4,RnB
2002,321533,0.515,0.438,7,-13.011,0,0.0325,0.0249,0.00128,0.0357,134.941,4,Rock
1998,250866,0.599,0.21,1,-19.329,1,0.0354,0.322,0.48,0.32,124.866,4,Jazz
2012,240640,0.715,0.846,0,-6.524,0,0.0878,0.0023,0.0366,0.371,127.983,4,Reggae
2009,442536,0.589,0.941,0,-9.008,1,0.0398,0.0059,0.847,0.334,139.849,4,Rock
1993,252400,0.688,0.638,7,-14.671,1,0.0364,0.0387,0.0242,0.549,109.459,4,Rock
2007,236546,0.66,0.924,8,-3.908,1,0.302,0.0105,0.000653,0.672,119.877,4,Electronic
2013,322146,0.712,0.5,9,-11.948,0,0.0338,0.825,0.314,0.682,90.039,4,Pop
2011,272741,0.537,0.677,5,-8.573,0,0.0417,0.139,0.507,0.57,101.167,4,Rock
2010,536471,0.739,0.611,11,-9.829,1,0.0622,0.00557,0.725,0.794,98.004,4,Electronic
2014,285506,0.81,0.83,9,-6.917,0,0.0473,0.221,0.876,0.605,92.002,4,Electronic
1998,318893,0.798,0.593,11,-12.44,1,0.215,0.00423,0.181,0.67,141.063,4,Electronic
2010,315506,0.697,0.917,1,-5.628,1,0.039,0.00331,0.069,0.629,118.045,4,Electronic
2008,252266,0.769,0.806,0,-3.833,1,0.0873,0.0482,0.0627,0.517,120.001,4,Electronic
2011,222960,0.468,0.727,1,-7.99,0,0.0344,0.000631,0.166,0.17,170.352,4,Rock
2003,228040,0.745,0.833,7,-5.884,0,0.0299,0.0274,0.000522,0.687,129.961,4,Electronic
2008,366866,0.745,0.696,4,-9.906,1,0.0533,0.846,0.893,0.33,104.97,4,Electronic
2008,406626,0.324,0.993,7,-2.155,1,0.37,0.0317,0.925,0.046,131.967,4,Electronic
2009,220906,0.564,0.715,10,-7.654,0,0.15,0.243,0.127,0.355,194.277,4,Rap
2008,283440,0.565,0.575,11,-6.116,1,0.0409,0.015,0.00225,0.0601,105.12,4,Electronic
2006,293640,0.598,0.706,2,-10.507,1,0.0392,0.107,0.907,0.373,128.568,4,Electronic
1998,154293,0.447,0.675,5,-7.298,0,0.035,0.224,0.141,0.277,116.763,4,Rap
2004,299986,0.715,0.899,2,-7.435,0,0.111,0.0135,0.543,0.157,94.091,4,Rock
2008,212453,0.74,0.575,7,-6.829,1,0.0421,0.0137,0.263,0.667,119.998,4,Electronic
2007,238426,0.624,0.852,1,-10.184,1,0.153,0.428,0.656,0.512,135.223,4,Rock
2006,335026,0.745,0.716,11,-7.918,1,0.136,0.0265,0.846,0.828,126.527,4,Electronic
2008,189906,0.644,0.487,6,-9.654,1,0.034,0.0287,0.0166,0.467,125.528,4,Rock
1996,243933,0.64,0.871,1,-10.393,0,0.0472,0.0424,0.0033,0.933,119.802,4,RnB
2010,230186,0.55,0.714,11,-5.836,0,0.0323,0.0202,0.00619,0.304,126.016,3,Electronic
2008,313866,0.363,0.964,7,-4.1,0,0.0843,0.000261,0.152,0.243,174.033,4,Electronic
2001,259250,0.337,0.43,11,-13.196,0,0.0366,0.232,0.011,0.17,112.028,5,Folk
2014,258120,0.654,0.539,5,-6.57,0,0.428,0.192,0.0,0.415,122.117,4,Rap
2012,191333,0.598,0.873,5,-6.114,1,0.0368,0.194,0.0205,0.643,138.88,4,Rock
2008,458466,0.466,0.965,7,-2.576,1,0.129,0.456,0.891,0.0549,130.186,4,Electronic
2009,312960,0.579,0.989,5,-5.035,0,0.135,0.0128,0.794,0.0759,137.015,4,Electronic
2008,196600,0.696,0.674,7,-9.953,1,0.159,0.867,0.371,0.35,127.909,4,Electronic
2012,301267,0.307,0.682,11,-7.926,1,0.0421,0.301,0.701,0.0339,167.931,4,Electronic
1998,492266,0.546,0.749,1,-8.345,0,0.0371,0.0109,0.378,0.136,95.304,4,Electronic
2007,220933,0.632,0.653,7,-7.384,1,0.214,0.0244,0.803,0.353,121.971,4,Electronic
2009,182613,0.754,0.83,9,-5.686,1,0.0771,0.0329,0.0687,0.861,118.87,4,Pop
2009,220693,0.711,0.836,11,-4.997,1,0.0472,0.0335,1.18e-06,0.629,96.011,4,Rock
2011,206760,0.409,0.885,5,-5.196,0,0.0638,5.79e-05,0.0126,0.235,174.118,4,Electronic
2015,150280,0.635,0.565,4,-8.273,0,0.0526,0.0174,0.923,0.13,84.039,4,Electronic
1998,307880,0.567,0.754,6,-13.227,1,0.0719,0.185,0.887,0.0446,188.017,4,Electronic
2001,210933,0.654,0.61,3,-9.874,0,0.0421,0.627,0.839,0.437,119.003,4,Electronic
1998,190866,0.505,0.513,2,-9.648,0,0.031,0.557,0.894,0.309,129.871,4,Electronic
1993,236640,0.723,0.726,1,-12.261,0,0.0933,5.88e-05,0.0122,0.52,118.589,4,Punk
2008,207573,0.353,0.553,2,-8.145,1,0.0856,0.753,0.0415,0.0652,153.656,4,Rock
2011,221760,0.675,0.724,9,-9.844,0,0.115,0.529,0.00104,0.672,127.981,4,Rock
2009,190960,0.487,0.83,9,-4.299,0,0.0662,0.0344,1.52e-05,0.458,121.009,4,Electronic
2012,260000,0.823,0.53,10,-9.344,0,0.0579,0.804,0.782,0.8,100.002,4,Pop
1996,117026,0.59,0.59,1,-7.125,0,0.0319,0.892,0.738,0.89,106.132,4,RnB
2008,193693,0.604,0.608,8,-6.021,0,0.0344,1.09e-05,0.678,0.736,111.932,4,Rock
2008,377600,0.601,0.396,0,-10.168,0,0.03,0.562,0.158,0.352,172.558,4,Rap
2017,234661,0.597,0.733,9,-7.768,1,0.101,0.0151,2.09e-05,0.256,128.918,4,RnB
2009,262756,0.592,0.899,11,-5.085,0,0.0362,0.00749,0.0174,0.207,128.008,4,Folk
2010,220373,0.733,0.94,8,-5.191,0,0.037,0.14,0.744,0.96,97.965,4,Rock
2014,209426,0.636,0.887,0,-3.192,0,0.0604,0.0225,0.00371,0.384,128.005,4,Electronic
2008,387066,0.667,0.998,6,-5.873,0,0.065,0.00137,0.439,0.351,149.006,4,Punk
2003,398760,0.477,0.631,8,-10.503,1,0.0461,0.0232,0.599,0.0713,146.04,4,Electronic
1998,252400,0.284,0.645,8,-7.67,1,0.0474,0.0281,0.0207,0.079,131.716,4,Electronic
2008,387786,0.56,0.913,3,-5.234,1,0.0353,0.502,0.582,0.414,126.996,4,Electronic
2013,203653,0.758,0.814,7,-5.878,1,0.0526,0.00177,0.387,0.732,123.345,4,Rock
2008,175520,0.705,0.843,11,-7.293,0,0.0301,0.0253,0.0117,0.689,121.029,4,Electronic
2013,335480,0.39,0.37,7,-8.288,0,0.0457,0.474,0.00013,0.0909,176.526,3,Electronic
2008,177173,0.475,0.821,9,-7.034,0,0.0327,0.00266,0.00944,0.596,149.897,4,Electronic
2006,244773,0.516,0.873,0,-11.931,0,0.0563,0.000463,0.0142,0.503,123.033,4,Electronic
2012,240240,0.743,0.796,3,-6.442,0,0.0366,0.13,0.00157,0.816,117.037,4,Electronic
2008,113800,0.484,0.839,1,-3.589,1,0.0569,1.6e-05,7.77e-05,0.448,161.078,4,Electronic
1994,335533,0.605,0.907,0,-3.56,1,0.033,0.0158,0.0158,0.965,117.511,4,Electronic
1998,398333,0.527,0.978,0,-4.809,1,0.151,0.157,0.000112,0.367,113.645,4,Rock
2013,232924,0.581,0.747,6,-4.824,1,0.0408,0.00201,0.0129,0.536,125.018,4,Rock
2004,279773,0.477,0.833,7,-8.271,1,0.0315,0.00226,0.848,0.555,169.968,4,Electronic
2005,260160,0.8,0.923,0,-8.963,0,0.0436,0.00987,0.486,0.849,134.993,4,Rock
2009,230346,0.573,0.674,10,-6.537,1,0.0277,0.000228,0.169,0.385,132.036,4,Rock
2010,96746,0.557,0.504,1,-13.53,1,0.0369,0.264,0.184,0.0652,102.019,4,Rock
2009,340800,0.521,0.904,3,-4.182,0,0.0884,0.00731,1.71e-05,0.263,115.961,4,Rock
2010,152453,0.664,0.576,10,-7.009,0,0.0368,0.0056,0.019,0.216,91.977,4,Rock
2005,216746,0.803,0.372,7,-10.426,0,0.0348,0.781,0.0,0.82,119.985,4,Pop
2009,240480,0.563,0.922,9,-3.686,1,0.18,0.0552,4.4e-05,0.322,107.989,3,Rock
2014,247547,0.48,0.717,0,-6.663,1,0.23,0.0625,0.000685,0.335,109.756,4,Rock
2009,243693,0.603,0.631,4,-5.336,0,0.042,0.0033,0.0,0.639,126.0,4,Rock
2011,235813,0.636,0.72,11,-6.195,1,0.0432,0.0893,0.0178,0.425,124.944,4,Rock
2012,284413,0.784,0.621,5,-7.399,1,0.0561,0.0442,0.00019,0.504,130.018,4,Pop
1992,320333,0.365,0.944,11,-8.61,0,0.0622,0.000583,0.00552,0.345,158.5,4,Rock
2009,298613,0.554,0.78,0,-5.017,1,0.0297,0.00296,0.0014,0.442,98.012,4,Electronic
2007,294243,0.624,0.665,0,-14.191,1,0.135,0.272,0.763,0.542,136.11,4,Electronic
2008,199360,0.443,0.717,5,-5.498,0,0.0504,0.182,5.1e-05,0.386,149.582,4,Rock
2008,238773,0.749,0.436,9,-11.99,1,0.0393,0.0288,0.201,0.167,106.171,4,Rap
2006,148066,0.753,0.853,10,-4.074,1,0.0463,0.0156,2.67e-06,0.967,164.05,4,Rock
2009,173653,0.64,0.726,2,-5.828,1,0.123,0.00297,0.00403,0.61,168.015,4,Electronic
2008,228413,0.648,0.664,4,-6.617,0,0.164,0.25,1.18e-06,0.484,127.917,4,Electronic
2005,228280,0.477,0.402,5,-10.631,0,0.0278,0.519,0.93,0.0508,108.958,4,Electronic
2011,213106,0.741,0.779,0,-5.904,1,0.0421,0.023,0.000788,0.834,100.001,4,Latin
1999,184626,0.604,0.864,9,-3.382,0,0.0636,0.0602,0.00524,0.625,160.475,4,Pop
2010,288266,0.227,0.542,8,-10.469,0,0.0476,0.0298,0.239,0.187,78.636,4,Jazz
2010,316627,0.723,0.346,0,-9.809,0,0.0336,0.507,0.0363,0.574,100.05,4,Electronic
2010,183986,0.751,0.809,7,-5.461,1,0.0481,0.00197,0.00836,0.653,120.013,4,Pop
1997,339906,0.658,0.975,3,-7.204,0,0.0464,0.00671,0.706,0.393,120.047,4,Metal
2002,277333,0.75,0.722,4,-7.032,1,0.0308,0.277,0.00213,0.759,97.493,4,Rock
2010,218106,0.546,0.627,6,-5.091,0,0.0276,0.123,3.68e-06,0.41,143.996,4,Folk
2004,235480,0.542,0.895,2,-5.859,1,0.0577,0.0882,0.013,0.737,120.449,4,Rock
1996,48529,0.714,0.523,11,-14.986,1,0.849,0.484,7.89e-06,0.509,106.806,3,Electronic
2010,146680,0.884,0.717,11,-5.958,0,0.0776,0.00126,0.000466,0.672,128.942,4,Rock
2012,236440,0.534,0.755,0,-4.943,1,0.043,0.000102,0.00226,0.519,148.008,4,Rock
2013,607853,0.489,0.92,0,-7.832,1,0.0463,0.00197,0.775,0.347,130.01,4,Jazz
2004,271906,0.757,0.957,8,-4.617,1,0.106,0.209,2.29e-05,0.933,153.944,4,Pop
2007,198560,0.66,0.714,6,-4.814,1,0.192,0.00474,0.0157,0.79,97.17,4,Rock
1998,276560,0.439,0.72,7,-8.42,1,0.044,0.00123,0.117,0.255,161.953,4,Pop
2009,225120,0.546,0.544,0,-8.55,1,0.0246,0.219,0.000367,0.248,90.982,4,Electronic
1998,75626,0.0936,0.0204,4,-31.212,0,0.042,0.995,0.936,0.291,80.879,4,Electronic
2008,267573,0.542,0.861,9,-4.435,0,0.0433,0.01,0.0017,0.32,126.012,4,Pop
2014,239840,0.786,0.915,9,-5.123,1,0.0683,0.00133,2.55e-05,0.947,129.013,4,Electronic
2013,215946,0.47,0.792,0,-8.932,1,0.26,0.171,1.28e-06,0.214,170.085,4,Rock
2008,194586,0.758,0.825,2,-5.72,1,0.0433,0.314,0.183,0.948,134.944,4,Blues
2012,183466,0.803,0.573,6,-10.404,1,0.0453,0.349,0.00855,0.6,126.291,4,Rock
2001,271200,0.699,0.74,11,-9.303,0,0.033,0.0143,0.955,0.44,117.579,4,Electronic
2014,385653,0.501,0.774,7,-5.444,0,0.0385,0.0101,0.00153,0.286,119.968,4,Jazz
2014,340773,0.77,0.505,9,-6.654,0,0.0503,0.0076,0.835,0.659,123.981,4,Electronic
2005,237866,0.707,0.797,7,-7.143,1,0.0435,0.2,0.0,0.633,105.395,4,RnB
2008,201759,0.734,0.808,7,-6.418,1,0.0458,0.00755,0.187,0.292,113.002,4,RnB
2001,272946,0.625,0.717,8,-11.376,0,0.0593,0.13,0.472,0.831,95.738,4,Rock
2004,266813,0.499,0.41,4,-10.927,0,0.0287,0.826,0.901,0.48,158.086,4,Electronic
1993,236520,0.51,0.49,10,-12.164,0,0.028,0.000363,0.0971,0.37,77.335,4,Rock
2006,303013,0.622,0.665,11,-8.752,0,0.0362,0.16,0.936,0.457,115.014,4,Electronic
2016,40480,0.642,0.739,2,-10.556,1,0.11,0.245,0.0313,0.539,107.008,4,Rock
2013,363213,0.635,0.695,4,-6.753,0,0.0446,0.262,0.00699,0.346,127.112,4,Rock
2009,242080,0.633,0.874,4,-5.529,0,0.0253,0.000158,0.0838,0.492,105.003,4,Rock
1998,328800,0.603,0.332,11,-14.89,0,0.0285,0.00574,0.489,0.284,90.04,4,Electronic
2008,344706,0.362,0.922,2,-5.13,1,0.057,0.0513,0.0476,0.403,127.976,4,Rock
2009,248746,0.691,0.825,0,-6.536,1,0.0342,0.0103,0.088,0.592,113.956,4,Rock
2010,97760,0.5,0.973,1,-3.795,0,0.369,0.00101,0.0129,0.803,183.994,4,Electronic
2005,260906,0.443,0.643,9,-7.007,0,0.0299,0.0199,0.891,0.333,170.016,3,Electronic
2009,204266,0.766,0.863,9,-3.193,1,0.0499,0.00345,0.000117,0.974,141.044,4,Rock
2010,215506,0.645,0.777,2,-7.235,1,0.0418,0.00653,0.0039,0.331,88.455,4,Rock
2001,282973,0.579,0.586,7,-9.318,1,0.174,0.247,0.134,0.42,81.75,4,Rock
2003,322373,0.667,0.299,7,-8.98,0,0.0392,0.751,0.839,0.382,90.016,4,Electronic
2010,164640,0.346,0.753,10,-4.606,0,0.273,0.0229,0.0641,0.184,79.275,4,Electronic
2010,226159,0.697,0.834,5,-6.47,0,0.0336,0.0263,0.937,0.959,90.478,4,Electronic
2004,200880,0.527,0.429,9,-10.327,0,0.0282,0.397,0.801,0.167,130.071,4,Jazz
2010,167360,0.575,0.792,7,-4.651,1,0.0402,0.0987,0.275,0.526,100.56,4,Electronic
2009,299920,0.454,0.782,9,-7.52,0,0.0395,0.00355,0.906,0.743,78.987,4,Electronic
2010,280666,0.404,0.663,0,-5.312,0,0.0772,0.0165,0.0,0.288,125.076,4,Electronic
1992,547133,0.599,0.406,4,-19.881,0,0.0368,0.822,0.933,0.326,134.762,4,Electronic
2005,347466,0.643,0.825,1,-8.543,1,0.0352,0.197,0.961,0.766,96.728,4,Electronic
2010,186840,0.6,0.939,7,-1.794,1,0.189,0.0657,6.06e-06,0.83,159.928,4,Pop
1993,249133,0.507,0.87,5,-8.989,1,0.029,0.00074,0.0409,0.869,129.582,4,Electronic
2010,246706,0.604,0.768,0,-9.066,1,0.0331,0.000288,0.716,0.432,137.056,4,Rock
2002,222839,0.69,0.529,2,-7.555,0,0.0313,0.276,5.32e-06,0.596,148.056,4,Electronic
1992,317320,0.385,0.614,6,-7.21,1,0.0334,0.253,0.83,0.0782,101.815,3,Rock
2011,117708,0.726,0.715,11,-6.742,0,0.0503,0.0296,0.00102,0.718,130.92,4,Rock
2012,230920,0.279,0.817,3,-5.801,1,0.0586,0.00126,2.01e-05,0.0842,135.258,4,Rock
1992,323186,0.645,0.393,6,-17.543,0,0.043,0.00903,0.89,0.441,101.757,4,Electronic
2011,161600,0.435,0.908,4,-4.469,0,0.0972,0.106,0.000107,0.226,105.009,4,Electronic
2001,323573,0.47,0.364,7,-12.958,0,0.0337,0.526,0.574,0.312,142.571,4,Pop
2001,219880,0.185,0.856,1,-9.792,1,0.0383,0.00712,0.926,0.232,165.973,4,Electronic
2003,322600,0.718,0.718,11,-10.06,1,0.0786,0.647,0.297,0.732,93.065,4,Rock
2008,295840,0.641,0.842,11,-6.949,0,0.0315,0.00347,0.00037,0.699,124.972,4,Rock
1996,423933,0.54,0.385,7,-13.819,0,0.0435,0.105,0.916,0.0875,91.041,4,Electronic
1992,318066,0.618,0.635,0,-15.524,1,0.0359,0.0427,0.827,0.656,125.063,4,Jazz
2012,182000,0.58,0.766,11,-5.283,0,0.0426,0.109,2.34e-05,0.388,132.172,4,Folk
2007,216880,0.625,0.856,11,-5.648,0,0.389,0.031,1.6e-06,0.735,114.626,4,Electronic
1997,256026,0.487,0.819,4,-5.468,1,0.112,0.461,4.15e-05,0.331,76.178,4,Electronic
1999,219240,0.646,0.914,4,-4.071,1,0.0448,0.015,1.32e-05,0.849,134.035,4,Jazz
2008,180266,0.523,0.448,7,-10.116,1,0.0408,0.0115,0.947,0.574,170.003,4,Electronic
2010,235226,0.828,0.895,7,-5.528,1,0.0615,0.192,0.0122,0.972,153.024,4,Electronic
2007,431520,0.696,0.963,2,-6.625,0,0.0398,0.0105,0.857,0.574,118.01,4,Electronic
2010,408960,0.448,0.501,0,-9.048,0,0.0256,0.722,0.945,0.341,175.967,3,Electronic
2009,233453,0.453,0.872,0,-6.598,1,0.0698,0.00338,0.0,0.342,80.703,4,Rap
2007,177640,0.675,0.71,10,-7.231,1,0.0287,0.398,0.0018,0.784,114.986,4,Electronic
2005,324906,0.641,0.477,2,-13.083,1,0.058,0.165,0.922,0.46,171.424,4,Electronic
2007,387506,0.479,0.678,2,-12.17,1,0.0758,0.00018,0.661,0.227,116.033,4,Electronic
2014,249386,0.713,0.922,7,-3.559,1,0.0285,0.0152,0.0,0.904,108.032,4,Pop
2010,273225,0.561,0.594,10,-7.484,0,0.0325,0.627,0.0259,0.544,158.018,4,Jazz
2011,277866,0.642,0.794,8,-7.908,1,0.0309,6.98e-05,0.348,0.785,119.55,4,Rock
1995,262760,0.514,0.659,5,-10.074,0,0.0272,0.000171,0.821,0.256,95.21,4,Electronic
2011,210080,0.864,0.558,2,-8.196,0,0.0399,0.102,0.00105,0.544,129.969,4,Rock
1997,354626,0.284,0.483,11,-5.506,0,0.0486,0.00404,0.0926,0.0395,159.504,4,Jazz
2007,179213,0.257,0.414,11,-16.576,1,0.0795,0.981,0.881,0.127,121.264,5,Electronic
2009,261120,0.59,0.637,6,-7.031,0,0.0275,0.708,0.0352,0.313,105.048,4,Metal
2007,261920,0.924,0.651,7,-3.894,1,0.124,0.0203,0.0069,0.898,126.947,4,Electronic
2016,208000,0.638,0.715,10,-8.608,0,0.176,0.0191,0.00222,0.718,191.972,4,Rock
2014,236040,0.461,0.403,0,-9.037,1,0.0612,0.771,0.774,0.466,128.016,4,Rock
1998,385520,0.825,0.467,6,-14.055,1,0.0753,0.371,0.845,0.249,96.012,4,Electronic
2011,221093,0.59,0.844,11,-4.198,0,0.0459,0.00012,0.00017,0.794,121.978,4,Electronic
2010,219692,0.888,0.589,1,-11.271,0,0.099,0.0078,0.0,0.572,103.018,4,Rock
2009,338520,0.605,0.43,10,-6.731,1,0.0284,0.121,0.842,0.204,80.013,4,Electronic
2007,329653,0.52,0.545,11,-12.67,0,0.158,0.00494,0.285,0.233,121.78,4,Electronic
2010,233573,0.582,0.733,3,-6.655,0,0.0297,0.13,0.0124,0.433,109.468,4,Pop
2004,215786,0.805,0.961,0,-5.003,1,0.0413,0.179,0.0,0.703,130.089,4,Pop
2010,78266,0.25,0.34,10,-7.581,0,0.0307,0.885,0.0784,0.163,96.933,4,Rock
2008,192720,0.6,0.743,4,-5.557,0,0.077,0.0352,0.00124,0.504,185.771,4,Rock
2009,252226,0.441,0.916,9,-5.023,1,0.0698,0.0278,0.0,0.698,129.103,3,Rock
1997,173493,0.98,0.486,6,-7.31,1,0.251,0.03,0.823,0.823,123.206,4,Folk
2014,214719,0.61,0.807,5,-4.997,1,0.0305,0.0769,2.64e-06,0.689,112.031,4,Electronic
1997,362466,0.799,0.66,11,-8.829,0,0.175,0.000996,0.446,0.391,125.909,4,Rap
1997,239333,0.641,0.292,4,-12.674,0,0.0925,0.509,0.000198,0.216,138.289,4,Electronic
2009,246893,0.504,0.971,4,-4.525,1,0.179,0.00135,0.754,0.548,165.027,4,Rock
2007,220226,0.87,0.739,0,-6.917,1,0.0469,0.0349,6.95e-05,0.724,123.997,4,Electronic
1995,234382,0.547,0.879,1,-10.727,1,0.0501,0.00146,0.772,0.453,84.202,4,Punk
1997,177093,0.71,0.734,0,-14.932,0,0.052,0.511,0.838,0.4,147.979,4,Jazz
1994,270293,0.436,0.885,2,-8.314,1,0.0842,0.00639,0.698,0.248,99.835,4,Rock
2010,304733,0.488,0.68,8,-8.414,1,0.0308,0.00786,0.551,0.761,158.065,4,Electronic
2012,207186,0.717,0.592,2,-6.168,0,0.0857,0.0648,5.12e-05,0.484,110.993,4,Jazz
1998,91706,0.223,0.0138,5,-32.843,0,0.0294,0.937,0.916,0.0357,64.017,4,Electronic
2010,316893,0.607,0.787,2,-7.698,1,0.043,0.125,0.0323,0.196,130.423,4,Metal
2002,250360,0.516,0.337,9,-9.812,1,0.0286,0.635,0.521,0.323,152.411,4,Electronic
2008,207000,0.77,0.874,9,-3.579,1,0.0303,0.00117,0.000844,0.962,130.021,4,Pop
2011,258186,0.558,0.642,5,-5.206,0,0.0321,7.19e-05,0.00746,0.482,99.977,4,Reggae
2008,233320,0.278,0.823,4,-3.44,0,0.195,0.000254,0.0,0.459,187.513,5,Metal
2007,250693,0.604,0.78,7,-6.114,0,0.0452,0.0161,0.138,0.467,128.978,4,Electronic
2008,247013,0.623,0.485,11,-11.695,0,0.0478,0.653,0.0215,0.608,106.185,4,Pop
2010,290962,0.652,0.359,4,-10.197,0,0.0989,0.038,0.789,0.672,140.025,3,Electronic
2009,299720,0.515,0.95,8,-6.025,0,0.0652,0.0548,0.213,0.68,93.082,4,Electronic
2005,168400,0.598,0.782,1,-4.294,1,0.156,0.000518,1.37e-06,0.797,173.985,4,Rock
2009,264693,0.526,0.929,7,-3.508,1,0.0507,0.00148,7.27e-06,0.237,105.016,4,Electronic
2002,321453,0.542,0.799,2,-11.021,1,0.0414,0.0682,0.932,0.116,99.976,4,Electronic
2013,224440,0.651,0.673,6,-7.838,0,0.0298,0.00124,0.736,0.56,103.359,4,Jazz
2007,176013,0.609,0.711,9,-4.108,0,0.037,0.02,1.49e-05,0.769,147.97,4,Rock
2002,275533,0.37,0.548,9,-9.996,1,0.0397,0.106,0.745,0.463,142.159,4,Jazz
1997,51400,0.724,0.783,7,-8.958,1,0.176,0.00021,0.49,0.3,111.833,4,Electronic
2005,279040,0.793,0.418,0,-8.416,1,0.0561,0.169,0.0827,0.54,111.961,4,Rock
2005,219400,0.738,0.597,9,-7.157,0,0.0306,0.333,1.67e-05,0.914,115.986,4,Rock
2015,229308,0.718,0.79,1,-5.789,1,0.0615,0.089,0.0,0.705,124.032,4,Rock
1998,285573,0.479,0.628,6,-9.34,1,0.0414,0.0109,0.000753,0.538,103.886,4,RnB
2007,427160,0.865,0.774,10,-11.215,1,0.0518,0.173,0.618,0.595,119.991,4,Electronic
2008,272120,0.385,0.851,1,-6.837,0,0.0406,0.0221,0.683,0.645,141.927,4,Rock
2008,514493,0.249,0.953,10,-6.831,0,0.0624,0.000105,0.946,0.102,120.0,4,Electronic
2003,296706,0.135,0.239,3,-11.075,0,0.0309,0.878,0.0292,0.0378,77.042,4,Rock
2010,164093,0.717,0.721,9,-5.059,1,0.0811,0.243,0.272,0.401,83.004,4,Pop
1991,266493,0.811,0.307,10,-17.812,0,0.112,0.0671,0.0313,0.717,87.233,4,Reggae
